GC,GC2,Name,Server,ActivationPreference,ReplayLagTime,TruncationLagTime
"VersionNumber","2.1","7.6",,,,"0.00:00:00"
"cdc-tp01.campus.ad.uvm.edu","cdc-mh01.campus.ad.uvm.edu","DAG1-DB001","msx-tp02","2","0.00:00:00","0.00:00:00"
"cdc-tp01.campus.ad.uvm.edu","cdc-mh01.campus.ad.uvm.edu","DAG1-DB001","msx-mh01","3","0.00:00:00","0.00:00:00"
"cdc-tp01.campus.ad.uvm.edu","cdc-mh01.campus.ad.uvm.edu","DAG1-DB001","msx-mh02","4","14.0:00:00","0.0:00:00"
"cdc-tp01.campus.ad.uvm.edu","cdc-mh01.campus.ad.uvm.edu","DAG1-DB002","msx-tp03","2","0.00:00:00","0.00:00:00"
"cdc-tp01.campus.ad.uvm.edu","cdc-mh01.campus.ad.uvm.edu","DAG1-DB002","msx-mh02","3","0.00:00:00","0.00:00:00"
"cdc-tp01.campus.ad.uvm.edu","cdc-mh01.campus.ad.uvm.edu","DAG1-DB002","msx-mh03","4","14.0:00:00","0.0:00:00"
"cdc-tp01.campus.ad.uvm.edu","cdc-mh01.campus.ad.uvm.edu","DAG1-DB003","msx-tp04","2","0.00:00:00","0.00:00:00"
"cdc-tp01.campus.ad.uvm.edu","cdc-mh01.campus.ad.uvm.edu","DAG1-DB003","msx-mh03","3","0.00:00:00","0.00:00:00"
"cdc-tp01.campus.ad.uvm.edu","cdc-mh01.campus.ad.uvm.edu","DAG1-DB003","msx-mh04","4","14.0:00:00","0.0:00:00"
"cdc-tp01.campus.ad.uvm.edu","cdc-mh01.campus.ad.uvm.edu","DAG1-DB004","msx-tp05","2","0.00:00:00","0.00:00:00"
"cdc-tp01.campus.ad.uvm.edu","cdc-mh01.campus.ad.uvm.edu","DAG1-DB004","msx-mh04","3","0.00:00:00","0.00:00:00"
"cdc-tp01.campus.ad.uvm.edu","cdc-mh01.campus.ad.uvm.edu","DAG1-DB004","msx-mh05","4","14.0:00:00","0.0:00:00"
"cdc-tp01.campus.ad.uvm.edu","cdc-mh01.campus.ad.uvm.edu","DAG1-DB005","msx-tp06","2","0.00:00:00","0.00:00:00"
"cdc-tp01.campus.ad.uvm.edu","cdc-mh01.campus.ad.uvm.edu","DAG1-DB005","msx-mh05","3","0.00:00:00","0.00:00:00"
"cdc-tp01.campus.ad.uvm.edu","cdc-mh01.campus.ad.uvm.edu","DAG1-DB005","msx-mh06","4","14.0:00:00","0.0:00:00"
"cdc-tp01.campus.ad.uvm.edu","cdc-mh01.campus.ad.uvm.edu","DAG1-DB006","msx-tp01","2","0.00:00:00","0.00:00:00"
"cdc-tp01.campus.ad.uvm.edu","cdc-mh01.campus.ad.uvm.edu","DAG1-DB006","msx-mh06","3","0.00:00:00","0.00:00:00"
"cdc-tp01.campus.ad.uvm.edu","cdc-mh01.campus.ad.uvm.edu","DAG1-DB006","msx-mh01","4","14.0:00:00","0.0:00:00"
"cdc-tp01.campus.ad.uvm.edu","cdc-mh01.campus.ad.uvm.edu","DAG1-DB007","msx-mh03","2","0.00:00:00","0.00:00:00"
"cdc-tp01.campus.ad.uvm.edu","cdc-mh01.campus.ad.uvm.edu","DAG1-DB007","msx-tp01","3","0.00:00:00","0.00:00:00"
"cdc-tp01.campus.ad.uvm.edu","cdc-mh01.campus.ad.uvm.edu","DAG1-DB007","msx-tp03","4","14.0:00:00","0.0:00:00"
"cdc-tp01.campus.ad.uvm.edu","cdc-mh01.campus.ad.uvm.edu","DAG1-DB008","msx-mh04","2","0.00:00:00","0.00:00:00"
"cdc-tp01.campus.ad.uvm.edu","cdc-mh01.campus.ad.uvm.edu","DAG1-DB008","msx-tp02","3","0.00:00:00","0.00:00:00"
"cdc-tp01.campus.ad.uvm.edu","cdc-mh01.campus.ad.uvm.edu","DAG1-DB008","msx-tp04","4","14.0:00:00","0.0:00:00"
"cdc-tp01.campus.ad.uvm.edu","cdc-mh01.campus.ad.uvm.edu","DAG1-DB009","msx-mh05","2","0.00:00:00","0.00:00:00"
"cdc-tp01.campus.ad.uvm.edu","cdc-mh01.campus.ad.uvm.edu","DAG1-DB009","msx-tp03","3","0.00:00:00","0.00:00:00"
"cdc-tp01.campus.ad.uvm.edu","cdc-mh01.campus.ad.uvm.edu","DAG1-DB009","msx-tp05","4","14.0:00:00","0.0:00:00"
"cdc-tp01.campus.ad.uvm.edu","cdc-mh01.campus.ad.uvm.edu","DAG1-DB010","msx-mh06","2","0.00:00:00","0.00:00:00"
"cdc-tp01.campus.ad.uvm.edu","cdc-mh01.campus.ad.uvm.edu","DAG1-DB010","msx-tp04","3","0.00:00:00","0.00:00:00"
"cdc-tp01.campus.ad.uvm.edu","cdc-mh01.campus.ad.uvm.edu","DAG1-DB010","msx-tp06","4","14.0:00:00","0.0:00:00"
"cdc-tp01.campus.ad.uvm.edu","cdc-mh01.campus.ad.uvm.edu","DAG1-DB011","msx-mh01","2","0.00:00:00","0.00:00:00"
"cdc-tp01.campus.ad.uvm.edu","cdc-mh01.campus.ad.uvm.edu","DAG1-DB011","msx-tp05","3","0.00:00:00","0.00:00:00"
"cdc-tp01.campus.ad.uvm.edu","cdc-mh01.campus.ad.uvm.edu","DAG1-DB011","msx-tp01","4","14.0:00:00","0.0:00:00"
"cdc-tp01.campus.ad.uvm.edu","cdc-mh01.campus.ad.uvm.edu","DAG1-DB012","msx-mh02","2","0.00:00:00","0.00:00:00"
"cdc-tp01.campus.ad.uvm.edu","cdc-mh01.campus.ad.uvm.edu","DAG1-DB012","msx-tp06","3","0.00:00:00","0.00:00:00"
"cdc-tp01.campus.ad.uvm.edu","cdc-mh01.campus.ad.uvm.edu","DAG1-DB012","msx-tp02","4","14.0:00:00","0.0:00:00"
"cdc-tp01.campus.ad.uvm.edu","cdc-mh01.campus.ad.uvm.edu","DAG1-DB013","msx-tp04","2","0.00:00:00","0.00:00:00"
"cdc-tp01.campus.ad.uvm.edu","cdc-mh01.campus.ad.uvm.edu","DAG1-DB013","msx-mh01","3","0.00:00:00","0.00:00:00"
"cdc-tp01.campus.ad.uvm.edu","cdc-mh01.campus.ad.uvm.edu","DAG1-DB013","msx-mh04","4","14.0:00:00","0.0:00:00"
"cdc-tp01.campus.ad.uvm.edu","cdc-mh01.campus.ad.uvm.edu","DAG1-DB014","msx-tp05","2","0.00:00:00","0.00:00:00"
"cdc-tp01.campus.ad.uvm.edu","cdc-mh01.campus.ad.uvm.edu","DAG1-DB014","msx-mh02","3","0.00:00:00","0.00:00:00"
"cdc-tp01.campus.ad.uvm.edu","cdc-mh01.campus.ad.uvm.edu","DAG1-DB014","msx-mh05","4","14.0:00:00","0.0:00:00"
"cdc-tp01.campus.ad.uvm.edu","cdc-mh01.campus.ad.uvm.edu","DAG1-DB015","msx-tp06","2","0.00:00:00","0.00:00:00"
"cdc-tp01.campus.ad.uvm.edu","cdc-mh01.campus.ad.uvm.edu","DAG1-DB015","msx-mh03","3","0.00:00:00","0.00:00:00"
"cdc-tp01.campus.ad.uvm.edu","cdc-mh01.campus.ad.uvm.edu","DAG1-DB015","msx-mh06","4","14.0:00:00","0.0:00:00"
"cdc-tp01.campus.ad.uvm.edu","cdc-mh01.campus.ad.uvm.edu","DAG1-DB016","msx-tp01","2","0.00:00:00","0.00:00:00"
"cdc-tp01.campus.ad.uvm.edu","cdc-mh01.campus.ad.uvm.edu","DAG1-DB016","msx-mh04","3","0.00:00:00","0.00:00:00"
"cdc-tp01.campus.ad.uvm.edu","cdc-mh01.campus.ad.uvm.edu","DAG1-DB016","msx-mh01","4","14.0:00:00","0.0:00:00"
"cdc-tp01.campus.ad.uvm.edu","cdc-mh01.campus.ad.uvm.edu","DAG1-DB017","msx-tp02","2","0.00:00:00","0.00:00:00"
"cdc-tp01.campus.ad.uvm.edu","cdc-mh01.campus.ad.uvm.edu","DAG1-DB017","msx-mh05","3","0.00:00:00","0.00:00:00"
"cdc-tp01.campus.ad.uvm.edu","cdc-mh01.campus.ad.uvm.edu","DAG1-DB017","msx-mh02","4","14.0:00:00","0.0:00:00"
"cdc-tp01.campus.ad.uvm.edu","cdc-mh01.campus.ad.uvm.edu","DAG1-DB018","msx-tp03","2","0.00:00:00","0.00:00:00"
"cdc-tp01.campus.ad.uvm.edu","cdc-mh01.campus.ad.uvm.edu","DAG1-DB018","msx-mh06","3","0.00:00:00","0.00:00:00"
"cdc-tp01.campus.ad.uvm.edu","cdc-mh01.campus.ad.uvm.edu","DAG1-DB018","msx-mh03","4","14.0:00:00","0.0:00:00"
"cdc-tp01.campus.ad.uvm.edu","cdc-mh01.campus.ad.uvm.edu","DAG1-DB019","msx-mh05","2","0.00:00:00","0.00:00:00"
"cdc-tp01.campus.ad.uvm.edu","cdc-mh01.campus.ad.uvm.edu","DAG1-DB019","msx-tp01","3","0.00:00:00","0.00:00:00"
"cdc-tp01.campus.ad.uvm.edu","cdc-mh01.campus.ad.uvm.edu","DAG1-DB019","msx-tp05","4","14.0:00:00","0.0:00:00"
"cdc-tp01.campus.ad.uvm.edu","cdc-mh01.campus.ad.uvm.edu","DAG1-DB020","msx-mh06","2","0.00:00:00","0.00:00:00"
"cdc-tp01.campus.ad.uvm.edu","cdc-mh01.campus.ad.uvm.edu","DAG1-DB020","msx-tp02","3","0.00:00:00","0.00:00:00"
"cdc-tp01.campus.ad.uvm.edu","cdc-mh01.campus.ad.uvm.edu","DAG1-DB020","msx-tp06","4","14.0:00:00","0.0:00:00"
"cdc-tp01.campus.ad.uvm.edu","cdc-mh01.campus.ad.uvm.edu","DAG1-DB021","msx-mh01","2","0.00:00:00","0.00:00:00"
"cdc-tp01.campus.ad.uvm.edu","cdc-mh01.campus.ad.uvm.edu","DAG1-DB021","msx-tp03","3","0.00:00:00","0.00:00:00"
"cdc-tp01.campus.ad.uvm.edu","cdc-mh01.campus.ad.uvm.edu","DAG1-DB021","msx-tp01","4","14.0:00:00","0.0:00:00"
"cdc-tp01.campus.ad.uvm.edu","cdc-mh01.campus.ad.uvm.edu","DAG1-DB022","msx-mh02","2","0.00:00:00","0.00:00:00"
"cdc-tp01.campus.ad.uvm.edu","cdc-mh01.campus.ad.uvm.edu","DAG1-DB022","msx-tp04","3","0.00:00:00","0.00:00:00"
"cdc-tp01.campus.ad.uvm.edu","cdc-mh01.campus.ad.uvm.edu","DAG1-DB022","msx-tp02","4","14.0:00:00","0.0:00:00"
"cdc-tp01.campus.ad.uvm.edu","cdc-mh01.campus.ad.uvm.edu","DAG1-DB023","msx-mh03","2","0.00:00:00","0.00:00:00"
"cdc-tp01.campus.ad.uvm.edu","cdc-mh01.campus.ad.uvm.edu","DAG1-DB023","msx-tp05","3","0.00:00:00","0.00:00:00"
"cdc-tp01.campus.ad.uvm.edu","cdc-mh01.campus.ad.uvm.edu","DAG1-DB023","msx-tp03","4","14.0:00:00","0.0:00:00"
"cdc-tp01.campus.ad.uvm.edu","cdc-mh01.campus.ad.uvm.edu","DAG1-DB024","msx-mh04","2","0.00:00:00","0.00:00:00"
"cdc-tp01.campus.ad.uvm.edu","cdc-mh01.campus.ad.uvm.edu","DAG1-DB024","msx-tp06","3","0.00:00:00","0.00:00:00"
"cdc-tp01.campus.ad.uvm.edu","cdc-mh01.campus.ad.uvm.edu","DAG1-DB024","msx-tp04","4","14.0:00:00","0.0:00:00"
"cdc-tp01.campus.ad.uvm.edu","cdc-mh01.campus.ad.uvm.edu","DAG1-DB025","msx-tp06","2","0.00:00:00","0.00:00:00"
"cdc-tp01.campus.ad.uvm.edu","cdc-mh01.campus.ad.uvm.edu","DAG1-DB025","msx-mh01","3","0.00:00:00","0.00:00:00"
"cdc-tp01.campus.ad.uvm.edu","cdc-mh01.campus.ad.uvm.edu","DAG1-DB025","msx-mh06","4","14.0:00:00","0.0:00:00"
"cdc-tp01.campus.ad.uvm.edu","cdc-mh01.campus.ad.uvm.edu","DAG1-DB026","msx-tp01","2","0.00:00:00","0.00:00:00"
"cdc-tp01.campus.ad.uvm.edu","cdc-mh01.campus.ad.uvm.edu","DAG1-DB026","msx-mh02","3","0.00:00:00","0.00:00:00"
"cdc-tp01.campus.ad.uvm.edu","cdc-mh01.campus.ad.uvm.edu","DAG1-DB026","msx-mh01","4","14.0:00:00","0.0:00:00"
"cdc-tp01.campus.ad.uvm.edu","cdc-mh01.campus.ad.uvm.edu","DAG1-DB027","msx-tp02","2","0.00:00:00","0.00:00:00"
"cdc-tp01.campus.ad.uvm.edu","cdc-mh01.campus.ad.uvm.edu","DAG1-DB027","msx-mh03","3","0.00:00:00","0.00:00:00"
"cdc-tp01.campus.ad.uvm.edu","cdc-mh01.campus.ad.uvm.edu","DAG1-DB027","msx-mh02","4","14.0:00:00","0.0:00:00"
"cdc-tp01.campus.ad.uvm.edu","cdc-mh01.campus.ad.uvm.edu","DAG1-DB028","msx-tp03","2","0.00:00:00","0.00:00:00"
"cdc-tp01.campus.ad.uvm.edu","cdc-mh01.campus.ad.uvm.edu","DAG1-DB028","msx-mh04","3","0.00:00:00","0.00:00:00"
"cdc-tp01.campus.ad.uvm.edu","cdc-mh01.campus.ad.uvm.edu","DAG1-DB028","msx-mh03","4","14.0:00:00","0.0:00:00"
"cdc-tp01.campus.ad.uvm.edu","cdc-mh01.campus.ad.uvm.edu","DAG1-DB029","msx-tp04","2","0.00:00:00","0.00:00:00"
"cdc-tp01.campus.ad.uvm.edu","cdc-mh01.campus.ad.uvm.edu","DAG1-DB029","msx-mh05","3","0.00:00:00","0.00:00:00"
"cdc-tp01.campus.ad.uvm.edu","cdc-mh01.campus.ad.uvm.edu","DAG1-DB029","msx-mh04","4","14.0:00:00","0.0:00:00"
"cdc-tp01.campus.ad.uvm.edu","cdc-mh01.campus.ad.uvm.edu","DAG1-DB030","msx-tp05","2","0.00:00:00","0.00:00:00"
"cdc-tp01.campus.ad.uvm.edu","cdc-mh01.campus.ad.uvm.edu","DAG1-DB030","msx-mh06","3","0.00:00:00","0.00:00:00"
"cdc-tp01.campus.ad.uvm.edu","cdc-mh01.campus.ad.uvm.edu","DAG1-DB030","msx-mh05","4","14.0:00:00","0.0:00:00"
"cdc-tp01.campus.ad.uvm.edu","cdc-mh01.campus.ad.uvm.edu","DAG1-DB031","msx-mh02","2","0.00:00:00","0.00:00:00"
"cdc-tp01.campus.ad.uvm.edu","cdc-mh01.campus.ad.uvm.edu","DAG1-DB031","msx-tp01","3","0.00:00:00","0.00:00:00"
"cdc-tp01.campus.ad.uvm.edu","cdc-mh01.campus.ad.uvm.edu","DAG1-DB031","msx-tp02","4","14.0:00:00","0.0:00:00"
"cdc-tp01.campus.ad.uvm.edu","cdc-mh01.campus.ad.uvm.edu","DAG1-DB032","msx-mh03","2","0.00:00:00","0.00:00:00"
"cdc-tp01.campus.ad.uvm.edu","cdc-mh01.campus.ad.uvm.edu","DAG1-DB032","msx-tp02","3","0.00:00:00","0.00:00:00"
"cdc-tp01.campus.ad.uvm.edu","cdc-mh01.campus.ad.uvm.edu","DAG1-DB032","msx-tp03","4","14.0:00:00","0.0:00:00"
"cdc-tp01.campus.ad.uvm.edu","cdc-mh01.campus.ad.uvm.edu","DAG1-DB033","msx-mh04","2","0.00:00:00","0.00:00:00"
"cdc-tp01.campus.ad.uvm.edu","cdc-mh01.campus.ad.uvm.edu","DAG1-DB033","msx-tp03","3","0.00:00:00","0.00:00:00"
"cdc-tp01.campus.ad.uvm.edu","cdc-mh01.campus.ad.uvm.edu","DAG1-DB033","msx-tp04","4","14.0:00:00","0.0:00:00"
"cdc-tp01.campus.ad.uvm.edu","cdc-mh01.campus.ad.uvm.edu","DAG1-DB034","msx-mh05","2","0.00:00:00","0.00:00:00"
"cdc-tp01.campus.ad.uvm.edu","cdc-mh01.campus.ad.uvm.edu","DAG1-DB034","msx-tp04","3","0.00:00:00","0.00:00:00"
"cdc-tp01.campus.ad.uvm.edu","cdc-mh01.campus.ad.uvm.edu","DAG1-DB034","msx-tp05","4","14.0:00:00","0.0:00:00"
"cdc-tp01.campus.ad.uvm.edu","cdc-mh01.campus.ad.uvm.edu","DAG1-DB035","msx-mh06","2","0.00:00:00","0.00:00:00"
"cdc-tp01.campus.ad.uvm.edu","cdc-mh01.campus.ad.uvm.edu","DAG1-DB035","msx-tp05","3","0.00:00:00","0.00:00:00"
"cdc-tp01.campus.ad.uvm.edu","cdc-mh01.campus.ad.uvm.edu","DAG1-DB035","msx-tp06","4","14.0:00:00","0.0:00:00"
"cdc-tp01.campus.ad.uvm.edu","cdc-mh01.campus.ad.uvm.edu","DAG1-DB036","msx-mh01","2","0.00:00:00","0.00:00:00"
"cdc-tp01.campus.ad.uvm.edu","cdc-mh01.campus.ad.uvm.edu","DAG1-DB036","msx-tp06","3","0.00:00:00","0.00:00:00"
"cdc-tp01.campus.ad.uvm.edu","cdc-mh01.campus.ad.uvm.edu","DAG1-DB036","msx-tp01","4","14.0:00:00","0.0:00:00"
"cdc-tp01.campus.ad.uvm.edu","cdc-mh01.campus.ad.uvm.edu","DAG1-DB037","msx-tp03","2","0.00:00:00","0.00:00:00"
"cdc-tp01.campus.ad.uvm.edu","cdc-mh01.campus.ad.uvm.edu","DAG1-DB037","msx-mh01","3","0.00:00:00","0.00:00:00"
"cdc-tp01.campus.ad.uvm.edu","cdc-mh01.campus.ad.uvm.edu","DAG1-DB037","msx-mh03","4","14.0:00:00","0.0:00:00"
"cdc-tp01.campus.ad.uvm.edu","cdc-mh01.campus.ad.uvm.edu","DAG1-DB038","msx-tp04","2","0.00:00:00","0.00:00:00"
"cdc-tp01.campus.ad.uvm.edu","cdc-mh01.campus.ad.uvm.edu","DAG1-DB038","msx-mh02","3","0.00:00:00","0.00:00:00"
"cdc-tp01.campus.ad.uvm.edu","cdc-mh01.campus.ad.uvm.edu","DAG1-DB038","msx-mh04","4","14.0:00:00","0.0:00:00"
"cdc-tp01.campus.ad.uvm.edu","cdc-mh01.campus.ad.uvm.edu","DAG1-DB039","msx-tp05","2","0.00:00:00","0.00:00:00"
"cdc-tp01.campus.ad.uvm.edu","cdc-mh01.campus.ad.uvm.edu","DAG1-DB039","msx-mh03","3","0.00:00:00","0.00:00:00"
"cdc-tp01.campus.ad.uvm.edu","cdc-mh01.campus.ad.uvm.edu","DAG1-DB039","msx-mh05","4","14.0:00:00","0.0:00:00"
"cdc-tp01.campus.ad.uvm.edu","cdc-mh01.campus.ad.uvm.edu","DAG1-DB040","msx-tp06","2","0.00:00:00","0.00:00:00"
"cdc-tp01.campus.ad.uvm.edu","cdc-mh01.campus.ad.uvm.edu","DAG1-DB040","msx-mh04","3","0.00:00:00","0.00:00:00"
"cdc-tp01.campus.ad.uvm.edu","cdc-mh01.campus.ad.uvm.edu","DAG1-DB040","msx-mh06","4","14.0:00:00","0.0:00:00"
"cdc-tp01.campus.ad.uvm.edu","cdc-mh01.campus.ad.uvm.edu","DAG1-DB041","msx-tp01","2","0.00:00:00","0.00:00:00"
"cdc-tp01.campus.ad.uvm.edu","cdc-mh01.campus.ad.uvm.edu","DAG1-DB041","msx-mh05","3","0.00:00:00","0.00:00:00"
"cdc-tp01.campus.ad.uvm.edu","cdc-mh01.campus.ad.uvm.edu","DAG1-DB041","msx-mh01","4","14.0:00:00","0.0:00:00"
"cdc-tp01.campus.ad.uvm.edu","cdc-mh01.campus.ad.uvm.edu","DAG1-DB042","msx-tp02","2","0.00:00:00","0.00:00:00"
"cdc-tp01.campus.ad.uvm.edu","cdc-mh01.campus.ad.uvm.edu","DAG1-DB042","msx-mh06","3","0.00:00:00","0.00:00:00"
"cdc-tp01.campus.ad.uvm.edu","cdc-mh01.campus.ad.uvm.edu","DAG1-DB042","msx-mh02","4","14.0:00:00","0.0:00:00"
"cdc-tp01.campus.ad.uvm.edu","cdc-mh01.campus.ad.uvm.edu","DAG1-DB043","msx-mh04","2","0.00:00:00","0.00:00:00"
"cdc-tp01.campus.ad.uvm.edu","cdc-mh01.campus.ad.uvm.edu","DAG1-DB043","msx-tp01","3","0.00:00:00","0.00:00:00"
"cdc-tp01.campus.ad.uvm.edu","cdc-mh01.campus.ad.uvm.edu","DAG1-DB043","msx-tp04","4","14.0:00:00","0.0:00:00"
"cdc-tp01.campus.ad.uvm.edu","cdc-mh01.campus.ad.uvm.edu","DAG1-DB044","msx-mh05","2","0.00:00:00","0.00:00:00"
"cdc-tp01.campus.ad.uvm.edu","cdc-mh01.campus.ad.uvm.edu","DAG1-DB044","msx-tp02","3","0.00:00:00","0.00:00:00"
"cdc-tp01.campus.ad.uvm.edu","cdc-mh01.campus.ad.uvm.edu","DAG1-DB044","msx-tp05","4","14.0:00:00","0.0:00:00"
"cdc-tp01.campus.ad.uvm.edu","cdc-mh01.campus.ad.uvm.edu","DAG1-DB045","msx-mh06","2","0.00:00:00","0.00:00:00"
"cdc-tp01.campus.ad.uvm.edu","cdc-mh01.campus.ad.uvm.edu","DAG1-DB045","msx-tp03","3","0.00:00:00","0.00:00:00"
"cdc-tp01.campus.ad.uvm.edu","cdc-mh01.campus.ad.uvm.edu","DAG1-DB045","msx-tp06","4","14.0:00:00","0.0:00:00"
"cdc-tp01.campus.ad.uvm.edu","cdc-mh01.campus.ad.uvm.edu","DAG1-DB046","msx-mh01","2","0.00:00:00","0.00:00:00"
"cdc-tp01.campus.ad.uvm.edu","cdc-mh01.campus.ad.uvm.edu","DAG1-DB046","msx-tp04","3","0.00:00:00","0.00:00:00"
"cdc-tp01.campus.ad.uvm.edu","cdc-mh01.campus.ad.uvm.edu","DAG1-DB046","msx-tp01","4","14.0:00:00","0.0:00:00"
"cdc-tp01.campus.ad.uvm.edu","cdc-mh01.campus.ad.uvm.edu","DAG1-DB047","msx-mh02","2","0.00:00:00","0.00:00:00"
"cdc-tp01.campus.ad.uvm.edu","cdc-mh01.campus.ad.uvm.edu","DAG1-DB047","msx-tp05","3","0.00:00:00","0.00:00:00"
"cdc-tp01.campus.ad.uvm.edu","cdc-mh01.campus.ad.uvm.edu","DAG1-DB047","msx-tp02","4","14.0:00:00","0.0:00:00"
"cdc-tp01.campus.ad.uvm.edu","cdc-mh01.campus.ad.uvm.edu","DAG1-DB048","msx-mh03","2","0.00:00:00","0.00:00:00"
"cdc-tp01.campus.ad.uvm.edu","cdc-mh01.campus.ad.uvm.edu","DAG1-DB048","msx-tp06","3","0.00:00:00","0.00:00:00"
"cdc-tp01.campus.ad.uvm.edu","cdc-mh01.campus.ad.uvm.edu","DAG1-DB048","msx-tp03","4","14.0:00:00","0.0:00:00"
"cdc-tp01.campus.ad.uvm.edu","cdc-mh01.campus.ad.uvm.edu","DAG1-DB049","msx-tp05","2","0.00:00:00","0.00:00:00"
"cdc-tp01.campus.ad.uvm.edu","cdc-mh01.campus.ad.uvm.edu","DAG1-DB049","msx-mh01","3","0.00:00:00","0.00:00:00"
"cdc-tp01.campus.ad.uvm.edu","cdc-mh01.campus.ad.uvm.edu","DAG1-DB049","msx-mh05","4","14.0:00:00","0.0:00:00"
"cdc-tp01.campus.ad.uvm.edu","cdc-mh01.campus.ad.uvm.edu","DAG1-DB050","msx-tp06","2","0.00:00:00","0.00:00:00"
"cdc-tp01.campus.ad.uvm.edu","cdc-mh01.campus.ad.uvm.edu","DAG1-DB050","msx-mh02","3","0.00:00:00","0.00:00:00"
"cdc-tp01.campus.ad.uvm.edu","cdc-mh01.campus.ad.uvm.edu","DAG1-DB050","msx-mh06","4","14.0:00:00","0.0:00:00"
"cdc-tp01.campus.ad.uvm.edu","cdc-mh01.campus.ad.uvm.edu","DAG1-DB051","msx-tp01","2","0.00:00:00","0.00:00:00"
"cdc-tp01.campus.ad.uvm.edu","cdc-mh01.campus.ad.uvm.edu","DAG1-DB051","msx-mh03","3","0.00:00:00","0.00:00:00"
"cdc-tp01.campus.ad.uvm.edu","cdc-mh01.campus.ad.uvm.edu","DAG1-DB051","msx-mh01","4","14.0:00:00","0.0:00:00"
"cdc-tp01.campus.ad.uvm.edu","cdc-mh01.campus.ad.uvm.edu","DAG1-DB052","msx-tp02","2","0.00:00:00","0.00:00:00"
"cdc-tp01.campus.ad.uvm.edu","cdc-mh01.campus.ad.uvm.edu","DAG1-DB052","msx-mh04","3","0.00:00:00","0.00:00:00"
"cdc-tp01.campus.ad.uvm.edu","cdc-mh01.campus.ad.uvm.edu","DAG1-DB052","msx-mh02","4","14.0:00:00","0.0:00:00"
"cdc-tp01.campus.ad.uvm.edu","cdc-mh01.campus.ad.uvm.edu","DAG1-DB053","msx-tp03","2","0.00:00:00","0.00:00:00"
"cdc-tp01.campus.ad.uvm.edu","cdc-mh01.campus.ad.uvm.edu","DAG1-DB053","msx-mh05","3","0.00:00:00","0.00:00:00"
"cdc-tp01.campus.ad.uvm.edu","cdc-mh01.campus.ad.uvm.edu","DAG1-DB053","msx-mh03","4","14.0:00:00","0.0:00:00"
"cdc-tp01.campus.ad.uvm.edu","cdc-mh01.campus.ad.uvm.edu","DAG1-DB054","msx-tp04","2","0.00:00:00","0.00:00:00"
"cdc-tp01.campus.ad.uvm.edu","cdc-mh01.campus.ad.uvm.edu","DAG1-DB054","msx-mh06","3","0.00:00:00","0.00:00:00"
"cdc-tp01.campus.ad.uvm.edu","cdc-mh01.campus.ad.uvm.edu","DAG1-DB054","msx-mh04","4","14.0:00:00","0.0:00:00"
"cdc-tp01.campus.ad.uvm.edu","cdc-mh01.campus.ad.uvm.edu","DAG1-DB055","msx-mh06","2","0.00:00:00","0.00:00:00"
"cdc-tp01.campus.ad.uvm.edu","cdc-mh01.campus.ad.uvm.edu","DAG1-DB055","msx-tp01","3","0.00:00:00","0.00:00:00"
"cdc-tp01.campus.ad.uvm.edu","cdc-mh01.campus.ad.uvm.edu","DAG1-DB055","msx-tp06","4","14.0:00:00","0.0:00:00"
"cdc-tp01.campus.ad.uvm.edu","cdc-mh01.campus.ad.uvm.edu","DAG1-DB056","msx-mh01","2","0.00:00:00","0.00:00:00"
"cdc-tp01.campus.ad.uvm.edu","cdc-mh01.campus.ad.uvm.edu","DAG1-DB056","msx-tp02","3","0.00:00:00","0.00:00:00"
"cdc-tp01.campus.ad.uvm.edu","cdc-mh01.campus.ad.uvm.edu","DAG1-DB056","msx-tp01","4","14.0:00:00","0.0:00:00"
"cdc-tp01.campus.ad.uvm.edu","cdc-mh01.campus.ad.uvm.edu","DAG1-DB057","msx-mh02","2","0.00:00:00","0.00:00:00"
"cdc-tp01.campus.ad.uvm.edu","cdc-mh01.campus.ad.uvm.edu","DAG1-DB057","msx-tp03","3","0.00:00:00","0.00:00:00"
"cdc-tp01.campus.ad.uvm.edu","cdc-mh01.campus.ad.uvm.edu","DAG1-DB057","msx-tp02","4","14.0:00:00","0.0:00:00"
"cdc-tp01.campus.ad.uvm.edu","cdc-mh01.campus.ad.uvm.edu","DAG1-DB058","msx-mh03","2","0.00:00:00","0.00:00:00"
"cdc-tp01.campus.ad.uvm.edu","cdc-mh01.campus.ad.uvm.edu","DAG1-DB058","msx-tp04","3","0.00:00:00","0.00:00:00"
"cdc-tp01.campus.ad.uvm.edu","cdc-mh01.campus.ad.uvm.edu","DAG1-DB058","msx-tp03","4","14.0:00:00","0.0:00:00"
"cdc-tp01.campus.ad.uvm.edu","cdc-mh01.campus.ad.uvm.edu","DAG1-DB059","msx-mh04","2","0.00:00:00","0.00:00:00"
"cdc-tp01.campus.ad.uvm.edu","cdc-mh01.campus.ad.uvm.edu","DAG1-DB059","msx-tp05","3","0.00:00:00","0.00:00:00"
"cdc-tp01.campus.ad.uvm.edu","cdc-mh01.campus.ad.uvm.edu","DAG1-DB059","msx-tp04","4","14.0:00:00","0.0:00:00"
"cdc-tp01.campus.ad.uvm.edu","cdc-mh01.campus.ad.uvm.edu","DAG1-DB060","msx-mh05","2","0.00:00:00","0.00:00:00"
"cdc-tp01.campus.ad.uvm.edu","cdc-mh01.campus.ad.uvm.edu","DAG1-DB060","msx-tp06","3","0.00:00:00","0.00:00:00"
"cdc-tp01.campus.ad.uvm.edu","cdc-mh01.campus.ad.uvm.edu","DAG1-DB060","msx-tp05","4","14.0:00:00","0.0:00:00"
"cdc-tp01.campus.ad.uvm.edu","cdc-mh01.campus.ad.uvm.edu","DAG1-DB061","msx-tp02","2","0.00:00:00","0.00:00:00"
"cdc-tp01.campus.ad.uvm.edu","cdc-mh01.campus.ad.uvm.edu","DAG1-DB061","msx-mh01","3","0.00:00:00","0.00:00:00"
"cdc-tp01.campus.ad.uvm.edu","cdc-mh01.campus.ad.uvm.edu","DAG1-DB061","msx-mh02","4","14.0:00:00","0.0:00:00"
"cdc-tp01.campus.ad.uvm.edu","cdc-mh01.campus.ad.uvm.edu","DAG1-DB062","msx-tp03","2","0.00:00:00","0.00:00:00"
"cdc-tp01.campus.ad.uvm.edu","cdc-mh01.campus.ad.uvm.edu","DAG1-DB062","msx-mh02","3","0.00:00:00","0.00:00:00"
"cdc-tp01.campus.ad.uvm.edu","cdc-mh01.campus.ad.uvm.edu","DAG1-DB062","msx-mh03","4","14.0:00:00","0.0:00:00"
"cdc-tp01.campus.ad.uvm.edu","cdc-mh01.campus.ad.uvm.edu","DAG1-DB063","msx-tp04","2","0.00:00:00","0.00:00:00"
"cdc-tp01.campus.ad.uvm.edu","cdc-mh01.campus.ad.uvm.edu","DAG1-DB063","msx-mh03","3","0.00:00:00","0.00:00:00"
"cdc-tp01.campus.ad.uvm.edu","cdc-mh01.campus.ad.uvm.edu","DAG1-DB063","msx-mh04","4","14.0:00:00","0.0:00:00"
"cdc-tp01.campus.ad.uvm.edu","cdc-mh01.campus.ad.uvm.edu","DAG1-DB064","msx-tp05","2","0.00:00:00","0.00:00:00"
"cdc-tp01.campus.ad.uvm.edu","cdc-mh01.campus.ad.uvm.edu","DAG1-DB064","msx-mh04","3","0.00:00:00","0.00:00:00"
"cdc-tp01.campus.ad.uvm.edu","cdc-mh01.campus.ad.uvm.edu","DAG1-DB064","msx-mh05","4","14.0:00:00","0.0:00:00"
"cdc-tp01.campus.ad.uvm.edu","cdc-mh01.campus.ad.uvm.edu","DAG1-DB065","msx-tp06","2","0.00:00:00","0.00:00:00"
"cdc-tp01.campus.ad.uvm.edu","cdc-mh01.campus.ad.uvm.edu","DAG1-DB065","msx-mh05","3","0.00:00:00","0.00:00:00"
"cdc-tp01.campus.ad.uvm.edu","cdc-mh01.campus.ad.uvm.edu","DAG1-DB065","msx-mh06","4","14.0:00:00","0.0:00:00"
"cdc-tp01.campus.ad.uvm.edu","cdc-mh01.campus.ad.uvm.edu","DAG1-DB066","msx-tp01","2","0.00:00:00","0.00:00:00"
"cdc-tp01.campus.ad.uvm.edu","cdc-mh01.campus.ad.uvm.edu","DAG1-DB066","msx-mh06","3","0.00:00:00","0.00:00:00"
"cdc-tp01.campus.ad.uvm.edu","cdc-mh01.campus.ad.uvm.edu","DAG1-DB066","msx-mh01","4","14.0:00:00","0.0:00:00"
"cdc-tp01.campus.ad.uvm.edu","cdc-mh01.campus.ad.uvm.edu","DAG1-DB067","msx-mh03","2","0.00:00:00","0.00:00:00"
"cdc-tp01.campus.ad.uvm.edu","cdc-mh01.campus.ad.uvm.edu","DAG1-DB067","msx-tp01","3","0.00:00:00","0.00:00:00"
"cdc-tp01.campus.ad.uvm.edu","cdc-mh01.campus.ad.uvm.edu","DAG1-DB067","msx-tp03","4","14.0:00:00","0.0:00:00"
"cdc-tp01.campus.ad.uvm.edu","cdc-mh01.campus.ad.uvm.edu","DAG1-DB068","msx-mh04","2","0.00:00:00","0.00:00:00"
"cdc-tp01.campus.ad.uvm.edu","cdc-mh01.campus.ad.uvm.edu","DAG1-DB068","msx-tp02","3","0.00:00:00","0.00:00:00"
"cdc-tp01.campus.ad.uvm.edu","cdc-mh01.campus.ad.uvm.edu","DAG1-DB068","msx-tp04","4","14.0:00:00","0.0:00:00"
"cdc-tp01.campus.ad.uvm.edu","cdc-mh01.campus.ad.uvm.edu","DAG1-DB069","msx-mh05","2","0.00:00:00","0.00:00:00"
"cdc-tp01.campus.ad.uvm.edu","cdc-mh01.campus.ad.uvm.edu","DAG1-DB069","msx-tp03","3","0.00:00:00","0.00:00:00"
"cdc-tp01.campus.ad.uvm.edu","cdc-mh01.campus.ad.uvm.edu","DAG1-DB069","msx-tp05","4","14.0:00:00","0.0:00:00"
"cdc-tp01.campus.ad.uvm.edu","cdc-mh01.campus.ad.uvm.edu","DAG1-DB070","msx-mh06","2","0.00:00:00","0.00:00:00"
"cdc-tp01.campus.ad.uvm.edu","cdc-mh01.campus.ad.uvm.edu","DAG1-DB070","msx-tp04","3","0.00:00:00","0.00:00:00"
"cdc-tp01.campus.ad.uvm.edu","cdc-mh01.campus.ad.uvm.edu","DAG1-DB070","msx-tp06","4","14.0:00:00","0.0:00:00"
"cdc-tp01.campus.ad.uvm.edu","cdc-mh01.campus.ad.uvm.edu","DAG1-DB071","msx-mh01","2","0.00:00:00","0.00:00:00"
"cdc-tp01.campus.ad.uvm.edu","cdc-mh01.campus.ad.uvm.edu","DAG1-DB071","msx-tp05","3","0.00:00:00","0.00:00:00"
"cdc-tp01.campus.ad.uvm.edu","cdc-mh01.campus.ad.uvm.edu","DAG1-DB071","msx-tp01","4","14.0:00:00","0.0:00:00"
"cdc-tp01.campus.ad.uvm.edu","cdc-mh01.campus.ad.uvm.edu","DAG1-DB072","msx-mh02","2","0.00:00:00","0.00:00:00"
"cdc-tp01.campus.ad.uvm.edu","cdc-mh01.campus.ad.uvm.edu","DAG1-DB072","msx-tp06","3","0.00:00:00","0.00:00:00"
"cdc-tp01.campus.ad.uvm.edu","cdc-mh01.campus.ad.uvm.edu","DAG1-DB072","msx-tp02","4","14.0:00:00","0.0:00:00"
"cdc-tp01.campus.ad.uvm.edu","cdc-mh01.campus.ad.uvm.edu","DAG1-DB073","msx-tp04","2","0.00:00:00","0.00:00:00"
"cdc-tp01.campus.ad.uvm.edu","cdc-mh01.campus.ad.uvm.edu","DAG1-DB073","msx-mh01","3","0.00:00:00","0.00:00:00"
"cdc-tp01.campus.ad.uvm.edu","cdc-mh01.campus.ad.uvm.edu","DAG1-DB073","msx-mh04","4","14.0:00:00","0.0:00:00"
"cdc-tp01.campus.ad.uvm.edu","cdc-mh01.campus.ad.uvm.edu","DAG1-DB074","msx-tp05","2","0.00:00:00","0.00:00:00"
"cdc-tp01.campus.ad.uvm.edu","cdc-mh01.campus.ad.uvm.edu","DAG1-DB074","msx-mh02","3","0.00:00:00","0.00:00:00"
"cdc-tp01.campus.ad.uvm.edu","cdc-mh01.campus.ad.uvm.edu","DAG1-DB074","msx-mh05","4","14.0:00:00","0.0:00:00"
"cdc-tp01.campus.ad.uvm.edu","cdc-mh01.campus.ad.uvm.edu","DAG1-DB075","msx-tp06","2","0.00:00:00","0.00:00:00"
"cdc-tp01.campus.ad.uvm.edu","cdc-mh01.campus.ad.uvm.edu","DAG1-DB075","msx-mh03","3","0.00:00:00","0.00:00:00"
"cdc-tp01.campus.ad.uvm.edu","cdc-mh01.campus.ad.uvm.edu","DAG1-DB075","msx-mh06","4","14.0:00:00","0.0:00:00"
"cdc-tp01.campus.ad.uvm.edu","cdc-mh01.campus.ad.uvm.edu","DAG1-DB076","msx-tp01","2","0.00:00:00","0.00:00:00"
"cdc-tp01.campus.ad.uvm.edu","cdc-mh01.campus.ad.uvm.edu","DAG1-DB076","msx-mh04","3","0.00:00:00","0.00:00:00"
"cdc-tp01.campus.ad.uvm.edu","cdc-mh01.campus.ad.uvm.edu","DAG1-DB076","msx-mh01","4","14.0:00:00","0.0:00:00"
"cdc-tp01.campus.ad.uvm.edu","cdc-mh01.campus.ad.uvm.edu","DAG1-DB077","msx-tp02","2","0.00:00:00","0.00:00:00"
"cdc-tp01.campus.ad.uvm.edu","cdc-mh01.campus.ad.uvm.edu","DAG1-DB077","msx-mh05","3","0.00:00:00","0.00:00:00"
"cdc-tp01.campus.ad.uvm.edu","cdc-mh01.campus.ad.uvm.edu","DAG1-DB077","msx-mh02","4","14.0:00:00","0.0:00:00"
"cdc-tp01.campus.ad.uvm.edu","cdc-mh01.campus.ad.uvm.edu","DAG1-DB078","msx-tp03","2","0.00:00:00","0.00:00:00"
"cdc-tp01.campus.ad.uvm.edu","cdc-mh01.campus.ad.uvm.edu","DAG1-DB078","msx-mh06","3","0.00:00:00","0.00:00:00"
"cdc-tp01.campus.ad.uvm.edu","cdc-mh01.campus.ad.uvm.edu","DAG1-DB078","msx-mh03","4","14.0:00:00","0.0:00:00"
"cdc-tp01.campus.ad.uvm.edu","cdc-mh01.campus.ad.uvm.edu","DAG1-DB079","msx-mh05","2","0.00:00:00","0.00:00:00"
"cdc-tp01.campus.ad.uvm.edu","cdc-mh01.campus.ad.uvm.edu","DAG1-DB079","msx-tp01","3","0.00:00:00","0.00:00:00"
"cdc-tp01.campus.ad.uvm.edu","cdc-mh01.campus.ad.uvm.edu","DAG1-DB079","msx-tp05","4","14.0:00:00","0.0:00:00"
"cdc-tp01.campus.ad.uvm.edu","cdc-mh01.campus.ad.uvm.edu","DAG1-DB080","msx-mh06","2","0.00:00:00","0.00:00:00"
"cdc-tp01.campus.ad.uvm.edu","cdc-mh01.campus.ad.uvm.edu","DAG1-DB080","msx-tp02","3","0.00:00:00","0.00:00:00"
"cdc-tp01.campus.ad.uvm.edu","cdc-mh01.campus.ad.uvm.edu","DAG1-DB080","msx-tp06","4","14.0:00:00","0.0:00:00"
"cdc-tp01.campus.ad.uvm.edu","cdc-mh01.campus.ad.uvm.edu","DAG1-DB081","msx-mh01","2","0.00:00:00","0.00:00:00"
"cdc-tp01.campus.ad.uvm.edu","cdc-mh01.campus.ad.uvm.edu","DAG1-DB081","msx-tp03","3","0.00:00:00","0.00:00:00"
"cdc-tp01.campus.ad.uvm.edu","cdc-mh01.campus.ad.uvm.edu","DAG1-DB081","msx-tp01","4","14.0:00:00","0.0:00:00"
"cdc-tp01.campus.ad.uvm.edu","cdc-mh01.campus.ad.uvm.edu","DAG1-DB082","msx-mh02","2","0.00:00:00","0.00:00:00"
"cdc-tp01.campus.ad.uvm.edu","cdc-mh01.campus.ad.uvm.edu","DAG1-DB082","msx-tp04","3","0.00:00:00","0.00:00:00"
"cdc-tp01.campus.ad.uvm.edu","cdc-mh01.campus.ad.uvm.edu","DAG1-DB082","msx-tp02","4","14.0:00:00","0.0:00:00"
"cdc-tp01.campus.ad.uvm.edu","cdc-mh01.campus.ad.uvm.edu","DAG1-DB083","msx-mh03","2","0.00:00:00","0.00:00:00"
"cdc-tp01.campus.ad.uvm.edu","cdc-mh01.campus.ad.uvm.edu","DAG1-DB083","msx-tp05","3","0.00:00:00","0.00:00:00"
"cdc-tp01.campus.ad.uvm.edu","cdc-mh01.campus.ad.uvm.edu","DAG1-DB083","msx-tp03","4","14.0:00:00","0.0:00:00"
"cdc-tp01.campus.ad.uvm.edu","cdc-mh01.campus.ad.uvm.edu","DAG1-DB084","msx-mh04","2","0.00:00:00","0.00:00:00"
"cdc-tp01.campus.ad.uvm.edu","cdc-mh01.campus.ad.uvm.edu","DAG1-DB084","msx-tp06","3","0.00:00:00","0.00:00:00"
"cdc-tp01.campus.ad.uvm.edu","cdc-mh01.campus.ad.uvm.edu","DAG1-DB084","msx-tp04","4","14.0:00:00","0.0:00:00"
"cdc-tp01.campus.ad.uvm.edu","cdc-mh01.campus.ad.uvm.edu","DAG1-DB085","msx-tp06","2","0.00:00:00","0.00:00:00"
"cdc-tp01.campus.ad.uvm.edu","cdc-mh01.campus.ad.uvm.edu","DAG1-DB085","msx-mh01","3","0.00:00:00","0.00:00:00"
"cdc-tp01.campus.ad.uvm.edu","cdc-mh01.campus.ad.uvm.edu","DAG1-DB085","msx-mh06","4","14.0:00:00","0.0:00:00"
"cdc-tp01.campus.ad.uvm.edu","cdc-mh01.campus.ad.uvm.edu","DAG1-DB086","msx-tp01","2","0.00:00:00","0.00:00:00"
"cdc-tp01.campus.ad.uvm.edu","cdc-mh01.campus.ad.uvm.edu","DAG1-DB086","msx-mh02","3","0.00:00:00","0.00:00:00"
"cdc-tp01.campus.ad.uvm.edu","cdc-mh01.campus.ad.uvm.edu","DAG1-DB086","msx-mh01","4","14.0:00:00","0.0:00:00"
"cdc-tp01.campus.ad.uvm.edu","cdc-mh01.campus.ad.uvm.edu","DAG1-DB087","msx-tp02","2","0.00:00:00","0.00:00:00"
"cdc-tp01.campus.ad.uvm.edu","cdc-mh01.campus.ad.uvm.edu","DAG1-DB087","msx-mh03","3","0.00:00:00","0.00:00:00"
"cdc-tp01.campus.ad.uvm.edu","cdc-mh01.campus.ad.uvm.edu","DAG1-DB087","msx-mh02","4","14.0:00:00","0.0:00:00"
"cdc-tp01.campus.ad.uvm.edu","cdc-mh01.campus.ad.uvm.edu","DAG1-DB088","msx-tp03","2","0.00:00:00","0.00:00:00"
"cdc-tp01.campus.ad.uvm.edu","cdc-mh01.campus.ad.uvm.edu","DAG1-DB088","msx-mh04","3","0.00:00:00","0.00:00:00"
"cdc-tp01.campus.ad.uvm.edu","cdc-mh01.campus.ad.uvm.edu","DAG1-DB088","msx-mh03","4","14.0:00:00","0.0:00:00"
"cdc-tp01.campus.ad.uvm.edu","cdc-mh01.campus.ad.uvm.edu","DAG1-DB089","msx-tp04","2","0.00:00:00","0.00:00:00"
"cdc-tp01.campus.ad.uvm.edu","cdc-mh01.campus.ad.uvm.edu","DAG1-DB089","msx-mh05","3","0.00:00:00","0.00:00:00"
"cdc-tp01.campus.ad.uvm.edu","cdc-mh01.campus.ad.uvm.edu","DAG1-DB089","msx-mh04","4","14.0:00:00","0.0:00:00"
"cdc-tp01.campus.ad.uvm.edu","cdc-mh01.campus.ad.uvm.edu","DAG1-DB090","msx-tp05","2","0.00:00:00","0.00:00:00"
"cdc-tp01.campus.ad.uvm.edu","cdc-mh01.campus.ad.uvm.edu","DAG1-DB090","msx-mh06","3","0.00:00:00","0.00:00:00"
"cdc-tp01.campus.ad.uvm.edu","cdc-mh01.campus.ad.uvm.edu","DAG1-DB090","msx-mh05","4","14.0:00:00","0.0:00:00"
"cdc-tp01.campus.ad.uvm.edu","cdc-mh01.campus.ad.uvm.edu","DAG1-DB091","msx-mh02","2","0.00:00:00","0.00:00:00"
"cdc-tp01.campus.ad.uvm.edu","cdc-mh01.campus.ad.uvm.edu","DAG1-DB091","msx-tp01","3","0.00:00:00","0.00:00:00"
"cdc-tp01.campus.ad.uvm.edu","cdc-mh01.campus.ad.uvm.edu","DAG1-DB091","msx-tp02","4","14.0:00:00","0.0:00:00"
"cdc-tp01.campus.ad.uvm.edu","cdc-mh01.campus.ad.uvm.edu","DAG1-DB092","msx-mh03","2","0.00:00:00","0.00:00:00"
"cdc-tp01.campus.ad.uvm.edu","cdc-mh01.campus.ad.uvm.edu","DAG1-DB092","msx-tp02","3","0.00:00:00","0.00:00:00"
"cdc-tp01.campus.ad.uvm.edu","cdc-mh01.campus.ad.uvm.edu","DAG1-DB092","msx-tp03","4","14.0:00:00","0.0:00:00"
"cdc-tp01.campus.ad.uvm.edu","cdc-mh01.campus.ad.uvm.edu","DAG1-DB093","msx-mh04","2","0.00:00:00","0.00:00:00"
"cdc-tp01.campus.ad.uvm.edu","cdc-mh01.campus.ad.uvm.edu","DAG1-DB093","msx-tp03","3","0.00:00:00","0.00:00:00"
"cdc-tp01.campus.ad.uvm.edu","cdc-mh01.campus.ad.uvm.edu","DAG1-DB093","msx-tp04","4","14.0:00:00","0.0:00:00"
"cdc-tp01.campus.ad.uvm.edu","cdc-mh01.campus.ad.uvm.edu","DAG1-DB094","msx-mh05","2","0.00:00:00","0.00:00:00"
"cdc-tp01.campus.ad.uvm.edu","cdc-mh01.campus.ad.uvm.edu","DAG1-DB094","msx-tp04","3","0.00:00:00","0.00:00:00"
"cdc-tp01.campus.ad.uvm.edu","cdc-mh01.campus.ad.uvm.edu","DAG1-DB094","msx-tp05","4","14.0:00:00","0.0:00:00"
"cdc-tp01.campus.ad.uvm.edu","cdc-mh01.campus.ad.uvm.edu","DAG1-DB095","msx-mh06","2","0.00:00:00","0.00:00:00"
"cdc-tp01.campus.ad.uvm.edu","cdc-mh01.campus.ad.uvm.edu","DAG1-DB095","msx-tp05","3","0.00:00:00","0.00:00:00"
"cdc-tp01.campus.ad.uvm.edu","cdc-mh01.campus.ad.uvm.edu","DAG1-DB095","msx-tp06","4","14.0:00:00","0.0:00:00"
"cdc-tp01.campus.ad.uvm.edu","cdc-mh01.campus.ad.uvm.edu","DAG1-DB096","msx-mh01","2","0.00:00:00","0.00:00:00"
"cdc-tp01.campus.ad.uvm.edu","cdc-mh01.campus.ad.uvm.edu","DAG1-DB096","msx-tp06","3","0.00:00:00","0.00:00:00"
"cdc-tp01.campus.ad.uvm.edu","cdc-mh01.campus.ad.uvm.edu","DAG1-DB096","msx-tp01","4","14.0:00:00","0.0:00:00"
"cdc-tp01.campus.ad.uvm.edu","cdc-mh01.campus.ad.uvm.edu","DAG1-DB097","msx-tp03","2","0.00:00:00","0.00:00:00"
"cdc-tp01.campus.ad.uvm.edu","cdc-mh01.campus.ad.uvm.edu","DAG1-DB097","msx-mh01","3","0.00:00:00","0.00:00:00"
"cdc-tp01.campus.ad.uvm.edu","cdc-mh01.campus.ad.uvm.edu","DAG1-DB097","msx-mh03","4","14.0:00:00","0.0:00:00"
"cdc-tp01.campus.ad.uvm.edu","cdc-mh01.campus.ad.uvm.edu","DAG1-DB098","msx-tp04","2","0.00:00:00","0.00:00:00"
"cdc-tp01.campus.ad.uvm.edu","cdc-mh01.campus.ad.uvm.edu","DAG1-DB098","msx-mh02","3","0.00:00:00","0.00:00:00"
"cdc-tp01.campus.ad.uvm.edu","cdc-mh01.campus.ad.uvm.edu","DAG1-DB098","msx-mh04","4","14.0:00:00","0.0:00:00"
"cdc-tp01.campus.ad.uvm.edu","cdc-mh01.campus.ad.uvm.edu","DAG1-DB099","msx-tp05","2","0.00:00:00","0.00:00:00"
"cdc-tp01.campus.ad.uvm.edu","cdc-mh01.campus.ad.uvm.edu","DAG1-DB099","msx-mh03","3","0.00:00:00","0.00:00:00"
"cdc-tp01.campus.ad.uvm.edu","cdc-mh01.campus.ad.uvm.edu","DAG1-DB099","msx-mh05","4","14.0:00:00","0.0:00:00"
"cdc-tp01.campus.ad.uvm.edu","cdc-mh01.campus.ad.uvm.edu","DAG1-DB100","msx-tp06","2","0.00:00:00","0.00:00:00"
"cdc-tp01.campus.ad.uvm.edu","cdc-mh01.campus.ad.uvm.edu","DAG1-DB100","msx-mh04","3","0.00:00:00","0.00:00:00"
"cdc-tp01.campus.ad.uvm.edu","cdc-mh01.campus.ad.uvm.edu","DAG1-DB100","msx-mh06","4","14.0:00:00","0.0:00:00"
"cdc-tp01.campus.ad.uvm.edu","cdc-mh01.campus.ad.uvm.edu","DAG1-DB101","msx-tp01","2","0.00:00:00","0.00:00:00"
"cdc-tp01.campus.ad.uvm.edu","cdc-mh01.campus.ad.uvm.edu","DAG1-DB101","msx-mh05","3","0.00:00:00","0.00:00:00"
"cdc-tp01.campus.ad.uvm.edu","cdc-mh01.campus.ad.uvm.edu","DAG1-DB101","msx-mh01","4","14.0:00:00","0.0:00:00"
"cdc-tp01.campus.ad.uvm.edu","cdc-mh01.campus.ad.uvm.edu","DAG1-DB102","msx-tp02","2","0.00:00:00","0.00:00:00"
"cdc-tp01.campus.ad.uvm.edu","cdc-mh01.campus.ad.uvm.edu","DAG1-DB102","msx-mh06","3","0.00:00:00","0.00:00:00"
"cdc-tp01.campus.ad.uvm.edu","cdc-mh01.campus.ad.uvm.edu","DAG1-DB102","msx-mh02","4","14.0:00:00","0.0:00:00"
"cdc-tp01.campus.ad.uvm.edu","cdc-mh01.campus.ad.uvm.edu","DAG1-DB103","msx-mh04","2","0.00:00:00","0.00:00:00"
"cdc-tp01.campus.ad.uvm.edu","cdc-mh01.campus.ad.uvm.edu","DAG1-DB103","msx-tp01","3","0.00:00:00","0.00:00:00"
"cdc-tp01.campus.ad.uvm.edu","cdc-mh01.campus.ad.uvm.edu","DAG1-DB103","msx-tp04","4","14.0:00:00","0.0:00:00"
"cdc-tp01.campus.ad.uvm.edu","cdc-mh01.campus.ad.uvm.edu","DAG1-DB104","msx-mh05","2","0.00:00:00","0.00:00:00"
"cdc-tp01.campus.ad.uvm.edu","cdc-mh01.campus.ad.uvm.edu","DAG1-DB104","msx-tp02","3","0.00:00:00","0.00:00:00"
"cdc-tp01.campus.ad.uvm.edu","cdc-mh01.campus.ad.uvm.edu","DAG1-DB104","msx-tp05","4","14.0:00:00","0.0:00:00"
"cdc-tp01.campus.ad.uvm.edu","cdc-mh01.campus.ad.uvm.edu","DAG1-DB105","msx-mh06","2","0.00:00:00","0.00:00:00"
"cdc-tp01.campus.ad.uvm.edu","cdc-mh01.campus.ad.uvm.edu","DAG1-DB105","msx-tp03","3","0.00:00:00","0.00:00:00"
"cdc-tp01.campus.ad.uvm.edu","cdc-mh01.campus.ad.uvm.edu","DAG1-DB105","msx-tp06","4","14.0:00:00","0.0:00:00"
"cdc-tp01.campus.ad.uvm.edu","cdc-mh01.campus.ad.uvm.edu","DAG1-DB106","msx-mh01","2","0.00:00:00","0.00:00:00"
"cdc-tp01.campus.ad.uvm.edu","cdc-mh01.campus.ad.uvm.edu","DAG1-DB106","msx-tp04","3","0.00:00:00","0.00:00:00"
"cdc-tp01.campus.ad.uvm.edu","cdc-mh01.campus.ad.uvm.edu","DAG1-DB106","msx-tp01","4","14.0:00:00","0.0:00:00"
"cdc-tp01.campus.ad.uvm.edu","cdc-mh01.campus.ad.uvm.edu","DAG1-DB107","msx-mh02","2","0.00:00:00","0.00:00:00"
"cdc-tp01.campus.ad.uvm.edu","cdc-mh01.campus.ad.uvm.edu","DAG1-DB107","msx-tp05","3","0.00:00:00","0.00:00:00"
"cdc-tp01.campus.ad.uvm.edu","cdc-mh01.campus.ad.uvm.edu","DAG1-DB107","msx-tp02","4","14.0:00:00","0.0:00:00"
"cdc-tp01.campus.ad.uvm.edu","cdc-mh01.campus.ad.uvm.edu","DAG1-DB108","msx-mh03","2","0.00:00:00","0.00:00:00"
"cdc-tp01.campus.ad.uvm.edu","cdc-mh01.campus.ad.uvm.edu","DAG1-DB108","msx-tp06","3","0.00:00:00","0.00:00:00"
"cdc-tp01.campus.ad.uvm.edu","cdc-mh01.campus.ad.uvm.edu","DAG1-DB108","msx-tp03","4","14.0:00:00","0.0:00:00"
"cdc-tp01.campus.ad.uvm.edu","cdc-mh01.campus.ad.uvm.edu","DAG1-DB109","msx-tp05","2","0.00:00:00","0.00:00:00"
"cdc-tp01.campus.ad.uvm.edu","cdc-mh01.campus.ad.uvm.edu","DAG1-DB109","msx-mh01","3","0.00:00:00","0.00:00:00"
"cdc-tp01.campus.ad.uvm.edu","cdc-mh01.campus.ad.uvm.edu","DAG1-DB109","msx-mh05","4","14.0:00:00","0.0:00:00"
"cdc-tp01.campus.ad.uvm.edu","cdc-mh01.campus.ad.uvm.edu","DAG1-DB110","msx-tp06","2","0.00:00:00","0.00:00:00"
"cdc-tp01.campus.ad.uvm.edu","cdc-mh01.campus.ad.uvm.edu","DAG1-DB110","msx-mh02","3","0.00:00:00","0.00:00:00"
"cdc-tp01.campus.ad.uvm.edu","cdc-mh01.campus.ad.uvm.edu","DAG1-DB110","msx-mh06","4","14.0:00:00","0.0:00:00"
"cdc-tp01.campus.ad.uvm.edu","cdc-mh01.campus.ad.uvm.edu","DAG1-DB111","msx-tp01","2","0.00:00:00","0.00:00:00"
"cdc-tp01.campus.ad.uvm.edu","cdc-mh01.campus.ad.uvm.edu","DAG1-DB111","msx-mh03","3","0.00:00:00","0.00:00:00"
"cdc-tp01.campus.ad.uvm.edu","cdc-mh01.campus.ad.uvm.edu","DAG1-DB111","msx-mh01","4","14.0:00:00","0.0:00:00"
"cdc-tp01.campus.ad.uvm.edu","cdc-mh01.campus.ad.uvm.edu","DAG1-DB112","msx-tp02","2","0.00:00:00","0.00:00:00"
"cdc-tp01.campus.ad.uvm.edu","cdc-mh01.campus.ad.uvm.edu","DAG1-DB112","msx-mh04","3","0.00:00:00","0.00:00:00"
"cdc-tp01.campus.ad.uvm.edu","cdc-mh01.campus.ad.uvm.edu","DAG1-DB112","msx-mh02","4","14.0:00:00","0.0:00:00"
"cdc-tp01.campus.ad.uvm.edu","cdc-mh01.campus.ad.uvm.edu","DAG1-DB113","msx-tp03","2","0.00:00:00","0.00:00:00"
"cdc-tp01.campus.ad.uvm.edu","cdc-mh01.campus.ad.uvm.edu","DAG1-DB113","msx-mh05","3","0.00:00:00","0.00:00:00"
"cdc-tp01.campus.ad.uvm.edu","cdc-mh01.campus.ad.uvm.edu","DAG1-DB113","msx-mh03","4","14.0:00:00","0.0:00:00"
"cdc-tp01.campus.ad.uvm.edu","cdc-mh01.campus.ad.uvm.edu","DAG1-DB114","msx-tp04","2","0.00:00:00","0.00:00:00"
"cdc-tp01.campus.ad.uvm.edu","cdc-mh01.campus.ad.uvm.edu","DAG1-DB114","msx-mh06","3","0.00:00:00","0.00:00:00"
"cdc-tp01.campus.ad.uvm.edu","cdc-mh01.campus.ad.uvm.edu","DAG1-DB114","msx-mh04","4","14.0:00:00","0.0:00:00"
"cdc-tp01.campus.ad.uvm.edu","cdc-mh01.campus.ad.uvm.edu","DAG1-DB115","msx-mh06","2","0.00:00:00","0.00:00:00"
"cdc-tp01.campus.ad.uvm.edu","cdc-mh01.campus.ad.uvm.edu","DAG1-DB115","msx-tp01","3","0.00:00:00","0.00:00:00"
"cdc-tp01.campus.ad.uvm.edu","cdc-mh01.campus.ad.uvm.edu","DAG1-DB115","msx-tp06","4","14.0:00:00","0.0:00:00"
"cdc-tp01.campus.ad.uvm.edu","cdc-mh01.campus.ad.uvm.edu","DAG1-DB116","msx-mh01","2","0.00:00:00","0.00:00:00"
"cdc-tp01.campus.ad.uvm.edu","cdc-mh01.campus.ad.uvm.edu","DAG1-DB116","msx-tp02","3","0.00:00:00","0.00:00:00"
"cdc-tp01.campus.ad.uvm.edu","cdc-mh01.campus.ad.uvm.edu","DAG1-DB116","msx-tp01","4","14.0:00:00","0.0:00:00"
"cdc-tp01.campus.ad.uvm.edu","cdc-mh01.campus.ad.uvm.edu","DAG1-DB117","msx-mh02","2","0.00:00:00","0.00:00:00"
"cdc-tp01.campus.ad.uvm.edu","cdc-mh01.campus.ad.uvm.edu","DAG1-DB117","msx-tp03","3","0.00:00:00","0.00:00:00"
"cdc-tp01.campus.ad.uvm.edu","cdc-mh01.campus.ad.uvm.edu","DAG1-DB117","msx-tp02","4","14.0:00:00","0.0:00:00"
"cdc-tp01.campus.ad.uvm.edu","cdc-mh01.campus.ad.uvm.edu","DAG1-DB118","msx-mh03","2","0.00:00:00","0.00:00:00"
"cdc-tp01.campus.ad.uvm.edu","cdc-mh01.campus.ad.uvm.edu","DAG1-DB118","msx-tp04","3","0.00:00:00","0.00:00:00"
"cdc-tp01.campus.ad.uvm.edu","cdc-mh01.campus.ad.uvm.edu","DAG1-DB118","msx-tp03","4","14.0:00:00","0.0:00:00"
"cdc-tp01.campus.ad.uvm.edu","cdc-mh01.campus.ad.uvm.edu","DAG1-DB119","msx-mh04","2","0.00:00:00","0.00:00:00"
"cdc-tp01.campus.ad.uvm.edu","cdc-mh01.campus.ad.uvm.edu","DAG1-DB119","msx-tp05","3","0.00:00:00","0.00:00:00"
"cdc-tp01.campus.ad.uvm.edu","cdc-mh01.campus.ad.uvm.edu","DAG1-DB119","msx-tp04","4","14.0:00:00","0.0:00:00"
"cdc-tp01.campus.ad.uvm.edu","cdc-mh01.campus.ad.uvm.edu","DAG1-DB120","msx-mh05","2","0.00:00:00","0.00:00:00"
"cdc-tp01.campus.ad.uvm.edu","cdc-mh01.campus.ad.uvm.edu","DAG1-DB120","msx-tp06","3","0.00:00:00","0.00:00:00"
"cdc-tp01.campus.ad.uvm.edu","cdc-mh01.campus.ad.uvm.edu","DAG1-DB120","msx-tp05","4","14.0:00:00","0.0:00:00"
"cdc-tp01.campus.ad.uvm.edu","cdc-mh01.campus.ad.uvm.edu","DAG1-DB121","msx-tp02","2","0.00:00:00","0.00:00:00"
"cdc-tp01.campus.ad.uvm.edu","cdc-mh01.campus.ad.uvm.edu","DAG1-DB121","msx-mh01","3","0.00:00:00","0.00:00:00"
"cdc-tp01.campus.ad.uvm.edu","cdc-mh01.campus.ad.uvm.edu","DAG1-DB121","msx-mh02","4","14.0:00:00","0.0:00:00"
"cdc-tp01.campus.ad.uvm.edu","cdc-mh01.campus.ad.uvm.edu","DAG1-DB122","msx-tp03","2","0.00:00:00","0.00:00:00"
"cdc-tp01.campus.ad.uvm.edu","cdc-mh01.campus.ad.uvm.edu","DAG1-DB122","msx-mh02","3","0.00:00:00","0.00:00:00"
"cdc-tp01.campus.ad.uvm.edu","cdc-mh01.campus.ad.uvm.edu","DAG1-DB122","msx-mh03","4","14.0:00:00","0.0:00:00"
"cdc-tp01.campus.ad.uvm.edu","cdc-mh01.campus.ad.uvm.edu","DAG1-DB123","msx-tp04","2","0.00:00:00","0.00:00:00"
"cdc-tp01.campus.ad.uvm.edu","cdc-mh01.campus.ad.uvm.edu","DAG1-DB123","msx-mh03","3","0.00:00:00","0.00:00:00"
"cdc-tp01.campus.ad.uvm.edu","cdc-mh01.campus.ad.uvm.edu","DAG1-DB123","msx-mh04","4","14.0:00:00","0.0:00:00"
"cdc-tp01.campus.ad.uvm.edu","cdc-mh01.campus.ad.uvm.edu","DAG1-DB124","msx-tp05","2","0.00:00:00","0.00:00:00"
"cdc-tp01.campus.ad.uvm.edu","cdc-mh01.campus.ad.uvm.edu","DAG1-DB124","msx-mh04","3","0.00:00:00","0.00:00:00"
"cdc-tp01.campus.ad.uvm.edu","cdc-mh01.campus.ad.uvm.edu","DAG1-DB124","msx-mh05","4","14.0:00:00","0.0:00:00"
"cdc-tp01.campus.ad.uvm.edu","cdc-mh01.campus.ad.uvm.edu","DAG1-DB125","msx-tp06","2","0.00:00:00","0.00:00:00"
"cdc-tp01.campus.ad.uvm.edu","cdc-mh01.campus.ad.uvm.edu","DAG1-DB125","msx-mh05","3","0.00:00:00","0.00:00:00"
"cdc-tp01.campus.ad.uvm.edu","cdc-mh01.campus.ad.uvm.edu","DAG1-DB125","msx-mh06","4","14.0:00:00","0.0:00:00"
"cdc-tp01.campus.ad.uvm.edu","cdc-mh01.campus.ad.uvm.edu","DAG1-DB126","msx-tp01","2","0.00:00:00","0.00:00:00"
"cdc-tp01.campus.ad.uvm.edu","cdc-mh01.campus.ad.uvm.edu","DAG1-DB126","msx-mh06","3","0.00:00:00","0.00:00:00"
"cdc-tp01.campus.ad.uvm.edu","cdc-mh01.campus.ad.uvm.edu","DAG1-DB126","msx-mh01","4","14.0:00:00","0.0:00:00"
"cdc-tp01.campus.ad.uvm.edu","cdc-mh01.campus.ad.uvm.edu","DAG1-DB127","msx-mh03","2","0.00:00:00","0.00:00:00"
"cdc-tp01.campus.ad.uvm.edu","cdc-mh01.campus.ad.uvm.edu","DAG1-DB127","msx-tp01","3","0.00:00:00","0.00:00:00"
"cdc-tp01.campus.ad.uvm.edu","cdc-mh01.campus.ad.uvm.edu","DAG1-DB127","msx-tp03","4","14.0:00:00","0.0:00:00"
"cdc-tp01.campus.ad.uvm.edu","cdc-mh01.campus.ad.uvm.edu","DAG1-DB128","msx-mh04","2","0.00:00:00","0.00:00:00"
"cdc-tp01.campus.ad.uvm.edu","cdc-mh01.campus.ad.uvm.edu","DAG1-DB128","msx-tp02","3","0.00:00:00","0.00:00:00"
"cdc-tp01.campus.ad.uvm.edu","cdc-mh01.campus.ad.uvm.edu","DAG1-DB128","msx-tp04","4","14.0:00:00","0.0:00:00"
"cdc-tp01.campus.ad.uvm.edu","cdc-mh01.campus.ad.uvm.edu","DAG1-DB129","msx-mh05","2","0.00:00:00","0.00:00:00"
"cdc-tp01.campus.ad.uvm.edu","cdc-mh01.campus.ad.uvm.edu","DAG1-DB129","msx-tp03","3","0.00:00:00","0.00:00:00"
"cdc-tp01.campus.ad.uvm.edu","cdc-mh01.campus.ad.uvm.edu","DAG1-DB129","msx-tp05","4","14.0:00:00","0.0:00:00"
"cdc-tp01.campus.ad.uvm.edu","cdc-mh01.campus.ad.uvm.edu","DAG1-DB130","msx-mh06","2","0.00:00:00","0.00:00:00"
"cdc-tp01.campus.ad.uvm.edu","cdc-mh01.campus.ad.uvm.edu","DAG1-DB130","msx-tp04","3","0.00:00:00","0.00:00:00"
"cdc-tp01.campus.ad.uvm.edu","cdc-mh01.campus.ad.uvm.edu","DAG1-DB130","msx-tp06","4","14.0:00:00","0.0:00:00"
"cdc-tp01.campus.ad.uvm.edu","cdc-mh01.campus.ad.uvm.edu","DAG1-DB131","msx-mh01","2","0.00:00:00","0.00:00:00"
"cdc-tp01.campus.ad.uvm.edu","cdc-mh01.campus.ad.uvm.edu","DAG1-DB131","msx-tp05","3","0.00:00:00","0.00:00:00"
"cdc-tp01.campus.ad.uvm.edu","cdc-mh01.campus.ad.uvm.edu","DAG1-DB131","msx-tp01","4","14.0:00:00","0.0:00:00"
"cdc-tp01.campus.ad.uvm.edu","cdc-mh01.campus.ad.uvm.edu","DAG1-DB132","msx-mh02","2","0.00:00:00","0.00:00:00"
"cdc-tp01.campus.ad.uvm.edu","cdc-mh01.campus.ad.uvm.edu","DAG1-DB132","msx-tp06","3","0.00:00:00","0.00:00:00"
"cdc-tp01.campus.ad.uvm.edu","cdc-mh01.campus.ad.uvm.edu","DAG1-DB132","msx-tp02","4","14.0:00:00","0.0:00:00"
"cdc-tp01.campus.ad.uvm.edu","cdc-mh01.campus.ad.uvm.edu","DAG1-DB133","msx-tp04","2","0.00:00:00","0.00:00:00"
"cdc-tp01.campus.ad.uvm.edu","cdc-mh01.campus.ad.uvm.edu","DAG1-DB133","msx-mh01","3","0.00:00:00","0.00:00:00"
"cdc-tp01.campus.ad.uvm.edu","cdc-mh01.campus.ad.uvm.edu","DAG1-DB133","msx-mh04","4","14.0:00:00","0.0:00:00"
"cdc-tp01.campus.ad.uvm.edu","cdc-mh01.campus.ad.uvm.edu","DAG1-DB134","msx-tp05","2","0.00:00:00","0.00:00:00"
"cdc-tp01.campus.ad.uvm.edu","cdc-mh01.campus.ad.uvm.edu","DAG1-DB134","msx-mh02","3","0.00:00:00","0.00:00:00"
"cdc-tp01.campus.ad.uvm.edu","cdc-mh01.campus.ad.uvm.edu","DAG1-DB134","msx-mh05","4","14.0:00:00","0.0:00:00"
"cdc-tp01.campus.ad.uvm.edu","cdc-mh01.campus.ad.uvm.edu","DAG1-DB135","msx-tp06","2","0.00:00:00","0.00:00:00"
"cdc-tp01.campus.ad.uvm.edu","cdc-mh01.campus.ad.uvm.edu","DAG1-DB135","msx-mh03","3","0.00:00:00","0.00:00:00"
"cdc-tp01.campus.ad.uvm.edu","cdc-mh01.campus.ad.uvm.edu","DAG1-DB135","msx-mh06","4","14.0:00:00","0.0:00:00"
"cdc-tp01.campus.ad.uvm.edu","cdc-mh01.campus.ad.uvm.edu","DAG1-DB136","msx-tp01","2","0.00:00:00","0.00:00:00"
"cdc-tp01.campus.ad.uvm.edu","cdc-mh01.campus.ad.uvm.edu","DAG1-DB136","msx-mh04","3","0.00:00:00","0.00:00:00"
"cdc-tp01.campus.ad.uvm.edu","cdc-mh01.campus.ad.uvm.edu","DAG1-DB136","msx-mh01","4","14.0:00:00","0.0:00:00"
"cdc-tp01.campus.ad.uvm.edu","cdc-mh01.campus.ad.uvm.edu","DAG1-DB137","msx-tp02","2","0.00:00:00","0.00:00:00"
"cdc-tp01.campus.ad.uvm.edu","cdc-mh01.campus.ad.uvm.edu","DAG1-DB137","msx-mh05","3","0.00:00:00","0.00:00:00"
"cdc-tp01.campus.ad.uvm.edu","cdc-mh01.campus.ad.uvm.edu","DAG1-DB137","msx-mh02","4","14.0:00:00","0.0:00:00"
"cdc-tp01.campus.ad.uvm.edu","cdc-mh01.campus.ad.uvm.edu","DAG1-DB138","msx-tp03","2","0.00:00:00","0.00:00:00"
"cdc-tp01.campus.ad.uvm.edu","cdc-mh01.campus.ad.uvm.edu","DAG1-DB138","msx-mh06","3","0.00:00:00","0.00:00:00"
"cdc-tp01.campus.ad.uvm.edu","cdc-mh01.campus.ad.uvm.edu","DAG1-DB138","msx-mh03","4","14.0:00:00","0.0:00:00"
"cdc-tp01.campus.ad.uvm.edu","cdc-mh01.campus.ad.uvm.edu","DAG1-DB139","msx-mh05","2","0.00:00:00","0.00:00:00"
"cdc-tp01.campus.ad.uvm.edu","cdc-mh01.campus.ad.uvm.edu","DAG1-DB139","msx-tp01","3","0.00:00:00","0.00:00:00"
"cdc-tp01.campus.ad.uvm.edu","cdc-mh01.campus.ad.uvm.edu","DAG1-DB139","msx-tp05","4","14.0:00:00","0.0:00:00"
"cdc-tp01.campus.ad.uvm.edu","cdc-mh01.campus.ad.uvm.edu","DAG1-DB140","msx-mh06","2","0.00:00:00","0.00:00:00"
"cdc-tp01.campus.ad.uvm.edu","cdc-mh01.campus.ad.uvm.edu","DAG1-DB140","msx-tp02","3","0.00:00:00","0.00:00:00"
"cdc-tp01.campus.ad.uvm.edu","cdc-mh01.campus.ad.uvm.edu","DAG1-DB140","msx-tp06","4","14.0:00:00","0.0:00:00"
"cdc-tp01.campus.ad.uvm.edu","cdc-mh01.campus.ad.uvm.edu","DAG1-DB141","msx-mh01","2","0.00:00:00","0.00:00:00"
"cdc-tp01.campus.ad.uvm.edu","cdc-mh01.campus.ad.uvm.edu","DAG1-DB141","msx-tp03","3","0.00:00:00","0.00:00:00"
"cdc-tp01.campus.ad.uvm.edu","cdc-mh01.campus.ad.uvm.edu","DAG1-DB141","msx-tp01","4","14.0:00:00","0.0:00:00"
"cdc-tp01.campus.ad.uvm.edu","cdc-mh01.campus.ad.uvm.edu","DAG1-DB142","msx-mh02","2","0.00:00:00","0.00:00:00"
"cdc-tp01.campus.ad.uvm.edu","cdc-mh01.campus.ad.uvm.edu","DAG1-DB142","msx-tp04","3","0.00:00:00","0.00:00:00"
"cdc-tp01.campus.ad.uvm.edu","cdc-mh01.campus.ad.uvm.edu","DAG1-DB142","msx-tp02","4","14.0:00:00","0.0:00:00"
"cdc-tp01.campus.ad.uvm.edu","cdc-mh01.campus.ad.uvm.edu","DAG1-DB143","msx-mh03","2","0.00:00:00","0.00:00:00"
"cdc-tp01.campus.ad.uvm.edu","cdc-mh01.campus.ad.uvm.edu","DAG1-DB143","msx-tp05","3","0.00:00:00","0.00:00:00"
"cdc-tp01.campus.ad.uvm.edu","cdc-mh01.campus.ad.uvm.edu","DAG1-DB143","msx-tp03","4","14.0:00:00","0.0:00:00"
"cdc-tp01.campus.ad.uvm.edu","cdc-mh01.campus.ad.uvm.edu","DAG1-DB144","msx-mh04","2","0.00:00:00","0.00:00:00"
"cdc-tp01.campus.ad.uvm.edu","cdc-mh01.campus.ad.uvm.edu","DAG1-DB144","msx-tp06","3","0.00:00:00","0.00:00:00"
"cdc-tp01.campus.ad.uvm.edu","cdc-mh01.campus.ad.uvm.edu","DAG1-DB144","msx-tp04","4","14.0:00:00","0.0:00:00"
"cdc-tp01.campus.ad.uvm.edu","cdc-mh01.campus.ad.uvm.edu","DAG1-DB145","msx-tp06","2","0.00:00:00","0.00:00:00"
"cdc-tp01.campus.ad.uvm.edu","cdc-mh01.campus.ad.uvm.edu","DAG1-DB145","msx-mh01","3","0.00:00:00","0.00:00:00"
"cdc-tp01.campus.ad.uvm.edu","cdc-mh01.campus.ad.uvm.edu","DAG1-DB145","msx-mh06","4","14.0:00:00","0.0:00:00"
"cdc-tp01.campus.ad.uvm.edu","cdc-mh01.campus.ad.uvm.edu","DAG1-DB146","msx-tp01","2","0.00:00:00","0.00:00:00"
"cdc-tp01.campus.ad.uvm.edu","cdc-mh01.campus.ad.uvm.edu","DAG1-DB146","msx-mh02","3","0.00:00:00","0.00:00:00"
"cdc-tp01.campus.ad.uvm.edu","cdc-mh01.campus.ad.uvm.edu","DAG1-DB146","msx-mh01","4","14.0:00:00","0.0:00:00"
"cdc-tp01.campus.ad.uvm.edu","cdc-mh01.campus.ad.uvm.edu","DAG1-DB147","msx-tp02","2","0.00:00:00","0.00:00:00"
"cdc-tp01.campus.ad.uvm.edu","cdc-mh01.campus.ad.uvm.edu","DAG1-DB147","msx-mh03","3","0.00:00:00","0.00:00:00"
"cdc-tp01.campus.ad.uvm.edu","cdc-mh01.campus.ad.uvm.edu","DAG1-DB147","msx-mh02","4","14.0:00:00","0.0:00:00"
"cdc-tp01.campus.ad.uvm.edu","cdc-mh01.campus.ad.uvm.edu","DAG1-DB148","msx-tp03","2","0.00:00:00","0.00:00:00"
"cdc-tp01.campus.ad.uvm.edu","cdc-mh01.campus.ad.uvm.edu","DAG1-DB148","msx-mh04","3","0.00:00:00","0.00:00:00"
"cdc-tp01.campus.ad.uvm.edu","cdc-mh01.campus.ad.uvm.edu","DAG1-DB148","msx-mh03","4","14.0:00:00","0.0:00:00"
"cdc-tp01.campus.ad.uvm.edu","cdc-mh01.campus.ad.uvm.edu","DAG1-DB149","msx-tp04","2","0.00:00:00","0.00:00:00"
"cdc-tp01.campus.ad.uvm.edu","cdc-mh01.campus.ad.uvm.edu","DAG1-DB149","msx-mh05","3","0.00:00:00","0.00:00:00"
"cdc-tp01.campus.ad.uvm.edu","cdc-mh01.campus.ad.uvm.edu","DAG1-DB149","msx-mh04","4","14.0:00:00","0.0:00:00"
"cdc-tp01.campus.ad.uvm.edu","cdc-mh01.campus.ad.uvm.edu","DAG1-DB150","msx-tp05","2","0.00:00:00","0.00:00:00"
"cdc-tp01.campus.ad.uvm.edu","cdc-mh01.campus.ad.uvm.edu","DAG1-DB150","msx-mh06","3","0.00:00:00","0.00:00:00"
"cdc-tp01.campus.ad.uvm.edu","cdc-mh01.campus.ad.uvm.edu","DAG1-DB150","msx-mh05","4","14.0:00:00","0.0:00:00"
"cdc-tp01.campus.ad.uvm.edu","cdc-mh01.campus.ad.uvm.edu","DAG1-DB151","msx-mh02","2","0.00:00:00","0.00:00:00"
"cdc-tp01.campus.ad.uvm.edu","cdc-mh01.campus.ad.uvm.edu","DAG1-DB151","msx-tp01","3","0.00:00:00","0.00:00:00"
"cdc-tp01.campus.ad.uvm.edu","cdc-mh01.campus.ad.uvm.edu","DAG1-DB151","msx-tp02","4","14.0:00:00","0.0:00:00"
"cdc-tp01.campus.ad.uvm.edu","cdc-mh01.campus.ad.uvm.edu","DAG1-DB152","msx-mh03","2","0.00:00:00","0.00:00:00"
"cdc-tp01.campus.ad.uvm.edu","cdc-mh01.campus.ad.uvm.edu","DAG1-DB152","msx-tp02","3","0.00:00:00","0.00:00:00"
"cdc-tp01.campus.ad.uvm.edu","cdc-mh01.campus.ad.uvm.edu","DAG1-DB152","msx-tp03","4","14.0:00:00","0.0:00:00"
"cdc-tp01.campus.ad.uvm.edu","cdc-mh01.campus.ad.uvm.edu","DAG1-DB153","msx-mh04","2","0.00:00:00","0.00:00:00"
"cdc-tp01.campus.ad.uvm.edu","cdc-mh01.campus.ad.uvm.edu","DAG1-DB153","msx-tp03","3","0.00:00:00","0.00:00:00"
"cdc-tp01.campus.ad.uvm.edu","cdc-mh01.campus.ad.uvm.edu","DAG1-DB153","msx-tp04","4","14.0:00:00","0.0:00:00"
"cdc-tp01.campus.ad.uvm.edu","cdc-mh01.campus.ad.uvm.edu","DAG1-DB154","msx-mh05","2","0.00:00:00","0.00:00:00"
"cdc-tp01.campus.ad.uvm.edu","cdc-mh01.campus.ad.uvm.edu","DAG1-DB154","msx-tp04","3","0.00:00:00","0.00:00:00"
"cdc-tp01.campus.ad.uvm.edu","cdc-mh01.campus.ad.uvm.edu","DAG1-DB154","msx-tp05","4","14.0:00:00","0.0:00:00"
"cdc-tp01.campus.ad.uvm.edu","cdc-mh01.campus.ad.uvm.edu","DAG1-DB155","msx-mh06","2","0.00:00:00","0.00:00:00"
"cdc-tp01.campus.ad.uvm.edu","cdc-mh01.campus.ad.uvm.edu","DAG1-DB155","msx-tp05","3","0.00:00:00","0.00:00:00"
"cdc-tp01.campus.ad.uvm.edu","cdc-mh01.campus.ad.uvm.edu","DAG1-DB155","msx-tp06","4","14.0:00:00","0.0:00:00"
"cdc-tp01.campus.ad.uvm.edu","cdc-mh01.campus.ad.uvm.edu","DAG1-DB156","msx-mh01","2","0.00:00:00","0.00:00:00"
"cdc-tp01.campus.ad.uvm.edu","cdc-mh01.campus.ad.uvm.edu","DAG1-DB156","msx-tp06","3","0.00:00:00","0.00:00:00"
"cdc-tp01.campus.ad.uvm.edu","cdc-mh01.campus.ad.uvm.edu","DAG1-DB156","msx-tp01","4","14.0:00:00","0.0:00:00"
"cdc-tp01.campus.ad.uvm.edu","cdc-mh01.campus.ad.uvm.edu","DAG1-DB157","msx-tp03","2","0.00:00:00","0.00:00:00"
"cdc-tp01.campus.ad.uvm.edu","cdc-mh01.campus.ad.uvm.edu","DAG1-DB157","msx-mh01","3","0.00:00:00","0.00:00:00"
"cdc-tp01.campus.ad.uvm.edu","cdc-mh01.campus.ad.uvm.edu","DAG1-DB157","msx-mh03","4","14.0:00:00","0.0:00:00"
"cdc-tp01.campus.ad.uvm.edu","cdc-mh01.campus.ad.uvm.edu","DAG1-DB158","msx-tp04","2","0.00:00:00","0.00:00:00"
"cdc-tp01.campus.ad.uvm.edu","cdc-mh01.campus.ad.uvm.edu","DAG1-DB158","msx-mh02","3","0.00:00:00","0.00:00:00"
"cdc-tp01.campus.ad.uvm.edu","cdc-mh01.campus.ad.uvm.edu","DAG1-DB158","msx-mh04","4","14.0:00:00","0.0:00:00"
"cdc-tp01.campus.ad.uvm.edu","cdc-mh01.campus.ad.uvm.edu","DAG1-DB159","msx-tp05","2","0.00:00:00","0.00:00:00"
"cdc-tp01.campus.ad.uvm.edu","cdc-mh01.campus.ad.uvm.edu","DAG1-DB159","msx-mh03","3","0.00:00:00","0.00:00:00"
"cdc-tp01.campus.ad.uvm.edu","cdc-mh01.campus.ad.uvm.edu","DAG1-DB159","msx-mh05","4","14.0:00:00","0.0:00:00"
"cdc-tp01.campus.ad.uvm.edu","cdc-mh01.campus.ad.uvm.edu","DAG1-DB160","msx-tp06","2","0.00:00:00","0.00:00:00"
"cdc-tp01.campus.ad.uvm.edu","cdc-mh01.campus.ad.uvm.edu","DAG1-DB160","msx-mh04","3","0.00:00:00","0.00:00:00"
"cdc-tp01.campus.ad.uvm.edu","cdc-mh01.campus.ad.uvm.edu","DAG1-DB160","msx-mh06","4","14.0:00:00","0.0:00:00"
"cdc-tp01.campus.ad.uvm.edu","cdc-mh01.campus.ad.uvm.edu","DAG1-DB161","msx-tp01","2","0.00:00:00","0.00:00:00"
"cdc-tp01.campus.ad.uvm.edu","cdc-mh01.campus.ad.uvm.edu","DAG1-DB161","msx-mh05","3","0.00:00:00","0.00:00:00"
"cdc-tp01.campus.ad.uvm.edu","cdc-mh01.campus.ad.uvm.edu","DAG1-DB161","msx-mh01","4","14.0:00:00","0.0:00:00"
"cdc-tp01.campus.ad.uvm.edu","cdc-mh01.campus.ad.uvm.edu","DAG1-DB162","msx-tp02","2","0.00:00:00","0.00:00:00"
"cdc-tp01.campus.ad.uvm.edu","cdc-mh01.campus.ad.uvm.edu","DAG1-DB162","msx-mh06","3","0.00:00:00","0.00:00:00"
"cdc-tp01.campus.ad.uvm.edu","cdc-mh01.campus.ad.uvm.edu","DAG1-DB162","msx-mh02","4","14.0:00:00","0.0:00:00"
"cdc-tp01.campus.ad.uvm.edu","cdc-mh01.campus.ad.uvm.edu","DAG1-DB163","msx-mh04","2","0.00:00:00","0.00:00:00"
"cdc-tp01.campus.ad.uvm.edu","cdc-mh01.campus.ad.uvm.edu","DAG1-DB163","msx-tp01","3","0.00:00:00","0.00:00:00"
"cdc-tp01.campus.ad.uvm.edu","cdc-mh01.campus.ad.uvm.edu","DAG1-DB163","msx-tp04","4","14.0:00:00","0.0:00:00"
"cdc-tp01.campus.ad.uvm.edu","cdc-mh01.campus.ad.uvm.edu","DAG1-DB164","msx-mh05","2","0.00:00:00","0.00:00:00"
"cdc-tp01.campus.ad.uvm.edu","cdc-mh01.campus.ad.uvm.edu","DAG1-DB164","msx-tp02","3","0.00:00:00","0.00:00:00"
"cdc-tp01.campus.ad.uvm.edu","cdc-mh01.campus.ad.uvm.edu","DAG1-DB164","msx-tp05","4","14.0:00:00","0.0:00:00"
"cdc-tp01.campus.ad.uvm.edu","cdc-mh01.campus.ad.uvm.edu","DAG1-DB165","msx-mh06","2","0.00:00:00","0.00:00:00"
"cdc-tp01.campus.ad.uvm.edu","cdc-mh01.campus.ad.uvm.edu","DAG1-DB165","msx-tp03","3","0.00:00:00","0.00:00:00"
"cdc-tp01.campus.ad.uvm.edu","cdc-mh01.campus.ad.uvm.edu","DAG1-DB165","msx-tp06","4","14.0:00:00","0.0:00:00"
"cdc-tp01.campus.ad.uvm.edu","cdc-mh01.campus.ad.uvm.edu","DAG1-DB166","msx-mh01","2","0.00:00:00","0.00:00:00"
"cdc-tp01.campus.ad.uvm.edu","cdc-mh01.campus.ad.uvm.edu","DAG1-DB166","msx-tp04","3","0.00:00:00","0.00:00:00"
"cdc-tp01.campus.ad.uvm.edu","cdc-mh01.campus.ad.uvm.edu","DAG1-DB166","msx-tp01","4","14.0:00:00","0.0:00:00"
"cdc-tp01.campus.ad.uvm.edu","cdc-mh01.campus.ad.uvm.edu","DAG1-DB167","msx-mh02","2","0.00:00:00","0.00:00:00"
"cdc-tp01.campus.ad.uvm.edu","cdc-mh01.campus.ad.uvm.edu","DAG1-DB167","msx-tp05","3","0.00:00:00","0.00:00:00"
"cdc-tp01.campus.ad.uvm.edu","cdc-mh01.campus.ad.uvm.edu","DAG1-DB167","msx-tp02","4","14.0:00:00","0.0:00:00"
"cdc-tp01.campus.ad.uvm.edu","cdc-mh01.campus.ad.uvm.edu","DAG1-DB168","msx-mh03","2","0.00:00:00","0.00:00:00"
"cdc-tp01.campus.ad.uvm.edu","cdc-mh01.campus.ad.uvm.edu","DAG1-DB168","msx-tp06","3","0.00:00:00","0.00:00:00"
"cdc-tp01.campus.ad.uvm.edu","cdc-mh01.campus.ad.uvm.edu","DAG1-DB168","msx-tp03","4","14.0:00:00","0.0:00:00"
"cdc-tp01.campus.ad.uvm.edu","cdc-mh01.campus.ad.uvm.edu","DAG1-DB169","msx-tp05","2","0.00:00:00","0.00:00:00"
"cdc-tp01.campus.ad.uvm.edu","cdc-mh01.campus.ad.uvm.edu","DAG1-DB169","msx-mh01","3","0.00:00:00","0.00:00:00"
"cdc-tp01.campus.ad.uvm.edu","cdc-mh01.campus.ad.uvm.edu","DAG1-DB169","msx-mh05","4","14.0:00:00","0.0:00:00"
"cdc-tp01.campus.ad.uvm.edu","cdc-mh01.campus.ad.uvm.edu","DAG1-DB170","msx-tp06","2","0.00:00:00","0.00:00:00"
"cdc-tp01.campus.ad.uvm.edu","cdc-mh01.campus.ad.uvm.edu","DAG1-DB170","msx-mh02","3","0.00:00:00","0.00:00:00"
"cdc-tp01.campus.ad.uvm.edu","cdc-mh01.campus.ad.uvm.edu","DAG1-DB170","msx-mh06","4","14.0:00:00","0.0:00:00"
"cdc-tp01.campus.ad.uvm.edu","cdc-mh01.campus.ad.uvm.edu","DAG1-DB171","msx-tp01","2","0.00:00:00","0.00:00:00"
"cdc-tp01.campus.ad.uvm.edu","cdc-mh01.campus.ad.uvm.edu","DAG1-DB171","msx-mh03","3","0.00:00:00","0.00:00:00"
"cdc-tp01.campus.ad.uvm.edu","cdc-mh01.campus.ad.uvm.edu","DAG1-DB171","msx-mh01","4","14.0:00:00","0.0:00:00"
"cdc-tp01.campus.ad.uvm.edu","cdc-mh01.campus.ad.uvm.edu","DAG1-DB172","msx-tp02","2","0.00:00:00","0.00:00:00"
"cdc-tp01.campus.ad.uvm.edu","cdc-mh01.campus.ad.uvm.edu","DAG1-DB172","msx-mh04","3","0.00:00:00","0.00:00:00"
"cdc-tp01.campus.ad.uvm.edu","cdc-mh01.campus.ad.uvm.edu","DAG1-DB172","msx-mh02","4","14.0:00:00","0.0:00:00"
"cdc-tp01.campus.ad.uvm.edu","cdc-mh01.campus.ad.uvm.edu","DAG1-DB173","msx-tp03","2","0.00:00:00","0.00:00:00"
"cdc-tp01.campus.ad.uvm.edu","cdc-mh01.campus.ad.uvm.edu","DAG1-DB173","msx-mh05","3","0.00:00:00","0.00:00:00"
"cdc-tp01.campus.ad.uvm.edu","cdc-mh01.campus.ad.uvm.edu","DAG1-DB173","msx-mh03","4","14.0:00:00","0.0:00:00"
"cdc-tp01.campus.ad.uvm.edu","cdc-mh01.campus.ad.uvm.edu","DAG1-DB174","msx-tp04","2","0.00:00:00","0.00:00:00"
"cdc-tp01.campus.ad.uvm.edu","cdc-mh01.campus.ad.uvm.edu","DAG1-DB174","msx-mh06","3","0.00:00:00","0.00:00:00"
"cdc-tp01.campus.ad.uvm.edu","cdc-mh01.campus.ad.uvm.edu","DAG1-DB174","msx-mh04","4","14.0:00:00","0.0:00:00"
"cdc-tp01.campus.ad.uvm.edu","cdc-mh01.campus.ad.uvm.edu","DAG1-DB175","msx-mh06","2","0.00:00:00","0.00:00:00"
"cdc-tp01.campus.ad.uvm.edu","cdc-mh01.campus.ad.uvm.edu","DAG1-DB175","msx-tp01","3","0.00:00:00","0.00:00:00"
"cdc-tp01.campus.ad.uvm.edu","cdc-mh01.campus.ad.uvm.edu","DAG1-DB175","msx-tp06","4","14.0:00:00","0.0:00:00"
"cdc-tp01.campus.ad.uvm.edu","cdc-mh01.campus.ad.uvm.edu","DAG1-DB176","msx-mh01","2","0.00:00:00","0.00:00:00"
"cdc-tp01.campus.ad.uvm.edu","cdc-mh01.campus.ad.uvm.edu","DAG1-DB176","msx-tp02","3","0.00:00:00","0.00:00:00"
"cdc-tp01.campus.ad.uvm.edu","cdc-mh01.campus.ad.uvm.edu","DAG1-DB176","msx-tp01","4","14.0:00:00","0.0:00:00"
"cdc-tp01.campus.ad.uvm.edu","cdc-mh01.campus.ad.uvm.edu","DAG1-DB177","msx-mh02","2","0.00:00:00","0.00:00:00"
"cdc-tp01.campus.ad.uvm.edu","cdc-mh01.campus.ad.uvm.edu","DAG1-DB177","msx-tp03","3","0.00:00:00","0.00:00:00"
"cdc-tp01.campus.ad.uvm.edu","cdc-mh01.campus.ad.uvm.edu","DAG1-DB177","msx-tp02","4","14.0:00:00","0.0:00:00"
"cdc-tp01.campus.ad.uvm.edu","cdc-mh01.campus.ad.uvm.edu","DAG1-DB178","msx-mh03","2","0.00:00:00","0.00:00:00"
"cdc-tp01.campus.ad.uvm.edu","cdc-mh01.campus.ad.uvm.edu","DAG1-DB178","msx-tp04","3","0.00:00:00","0.00:00:00"
"cdc-tp01.campus.ad.uvm.edu","cdc-mh01.campus.ad.uvm.edu","DAG1-DB178","msx-tp03","4","14.0:00:00","0.0:00:00"
"cdc-tp01.campus.ad.uvm.edu","cdc-mh01.campus.ad.uvm.edu","DAG1-DB179","msx-mh04","2","0.00:00:00","0.00:00:00"
"cdc-tp01.campus.ad.uvm.edu","cdc-mh01.campus.ad.uvm.edu","DAG1-DB179","msx-tp05","3","0.00:00:00","0.00:00:00"
"cdc-tp01.campus.ad.uvm.edu","cdc-mh01.campus.ad.uvm.edu","DAG1-DB179","msx-tp04","4","14.0:00:00","0.0:00:00"
"cdc-tp01.campus.ad.uvm.edu","cdc-mh01.campus.ad.uvm.edu","DAG1-DB180","msx-mh05","2","0.00:00:00","0.00:00:00"
"cdc-tp01.campus.ad.uvm.edu","cdc-mh01.campus.ad.uvm.edu","DAG1-DB180","msx-tp06","3","0.00:00:00","0.00:00:00"
"cdc-tp01.campus.ad.uvm.edu","cdc-mh01.campus.ad.uvm.edu","DAG1-DB180","msx-tp05","4","14.0:00:00","0.0:00:00"
"cdc-tp01.campus.ad.uvm.edu","cdc-mh01.campus.ad.uvm.edu","DAG1-DB181","msx-tp02","2","0.00:00:00","0.00:00:00"
"cdc-tp01.campus.ad.uvm.edu","cdc-mh01.campus.ad.uvm.edu","DAG1-DB181","msx-mh01","3","0.00:00:00","0.00:00:00"
"cdc-tp01.campus.ad.uvm.edu","cdc-mh01.campus.ad.uvm.edu","DAG1-DB181","msx-mh02","4","14.0:00:00","0.0:00:00"
"cdc-tp01.campus.ad.uvm.edu","cdc-mh01.campus.ad.uvm.edu","DAG1-DB182","msx-tp03","2","0.00:00:00","0.00:00:00"
"cdc-tp01.campus.ad.uvm.edu","cdc-mh01.campus.ad.uvm.edu","DAG1-DB182","msx-mh02","3","0.00:00:00","0.00:00:00"
"cdc-tp01.campus.ad.uvm.edu","cdc-mh01.campus.ad.uvm.edu","DAG1-DB182","msx-mh03","4","14.0:00:00","0.0:00:00"
"cdc-tp01.campus.ad.uvm.edu","cdc-mh01.campus.ad.uvm.edu","DAG1-DB183","msx-tp04","2","0.00:00:00","0.00:00:00"
"cdc-tp01.campus.ad.uvm.edu","cdc-mh01.campus.ad.uvm.edu","DAG1-DB183","msx-mh03","3","0.00:00:00","0.00:00:00"
"cdc-tp01.campus.ad.uvm.edu","cdc-mh01.campus.ad.uvm.edu","DAG1-DB183","msx-mh04","4","14.0:00:00","0.0:00:00"
"cdc-tp01.campus.ad.uvm.edu","cdc-mh01.campus.ad.uvm.edu","DAG1-DB184","msx-tp05","2","0.00:00:00","0.00:00:00"
"cdc-tp01.campus.ad.uvm.edu","cdc-mh01.campus.ad.uvm.edu","DAG1-DB184","msx-mh04","3","0.00:00:00","0.00:00:00"
"cdc-tp01.campus.ad.uvm.edu","cdc-mh01.campus.ad.uvm.edu","DAG1-DB184","msx-mh05","4","14.0:00:00","0.0:00:00"
"cdc-tp01.campus.ad.uvm.edu","cdc-mh01.campus.ad.uvm.edu","DAG1-DB185","msx-tp06","2","0.00:00:00","0.00:00:00"
"cdc-tp01.campus.ad.uvm.edu","cdc-mh01.campus.ad.uvm.edu","DAG1-DB185","msx-mh05","3","0.00:00:00","0.00:00:00"
"cdc-tp01.campus.ad.uvm.edu","cdc-mh01.campus.ad.uvm.edu","DAG1-DB185","msx-mh06","4","14.0:00:00","0.0:00:00"
"cdc-tp01.campus.ad.uvm.edu","cdc-mh01.campus.ad.uvm.edu","DAG1-DB186","msx-tp01","2","0.00:00:00","0.00:00:00"
"cdc-tp01.campus.ad.uvm.edu","cdc-mh01.campus.ad.uvm.edu","DAG1-DB186","msx-mh06","3","0.00:00:00","0.00:00:00"
"cdc-tp01.campus.ad.uvm.edu","cdc-mh01.campus.ad.uvm.edu","DAG1-DB186","msx-mh01","4","14.0:00:00","0.0:00:00"
"cdc-tp01.campus.ad.uvm.edu","cdc-mh01.campus.ad.uvm.edu","DAG1-DB187","msx-mh03","2","0.00:00:00","0.00:00:00"
"cdc-tp01.campus.ad.uvm.edu","cdc-mh01.campus.ad.uvm.edu","DAG1-DB187","msx-tp01","3","0.00:00:00","0.00:00:00"
"cdc-tp01.campus.ad.uvm.edu","cdc-mh01.campus.ad.uvm.edu","DAG1-DB187","msx-tp03","4","14.0:00:00","0.0:00:00"
"cdc-tp01.campus.ad.uvm.edu","cdc-mh01.campus.ad.uvm.edu","DAG1-DB188","msx-mh04","2","0.00:00:00","0.00:00:00"
"cdc-tp01.campus.ad.uvm.edu","cdc-mh01.campus.ad.uvm.edu","DAG1-DB188","msx-tp02","3","0.00:00:00","0.00:00:00"
"cdc-tp01.campus.ad.uvm.edu","cdc-mh01.campus.ad.uvm.edu","DAG1-DB188","msx-tp04","4","14.0:00:00","0.0:00:00"
"cdc-tp01.campus.ad.uvm.edu","cdc-mh01.campus.ad.uvm.edu","DAG1-DB189","msx-mh05","2","0.00:00:00","0.00:00:00"
"cdc-tp01.campus.ad.uvm.edu","cdc-mh01.campus.ad.uvm.edu","DAG1-DB189","msx-tp03","3","0.00:00:00","0.00:00:00"
"cdc-tp01.campus.ad.uvm.edu","cdc-mh01.campus.ad.uvm.edu","DAG1-DB189","msx-tp05","4","14.0:00:00","0.0:00:00"
"cdc-tp01.campus.ad.uvm.edu","cdc-mh01.campus.ad.uvm.edu","DAG1-DB190","msx-mh06","2","0.00:00:00","0.00:00:00"
"cdc-tp01.campus.ad.uvm.edu","cdc-mh01.campus.ad.uvm.edu","DAG1-DB190","msx-tp04","3","0.00:00:00","0.00:00:00"
"cdc-tp01.campus.ad.uvm.edu","cdc-mh01.campus.ad.uvm.edu","DAG1-DB190","msx-tp06","4","14.0:00:00","0.0:00:00"
"cdc-tp01.campus.ad.uvm.edu","cdc-mh01.campus.ad.uvm.edu","DAG1-DB191","msx-mh01","2","0.00:00:00","0.00:00:00"
"cdc-tp01.campus.ad.uvm.edu","cdc-mh01.campus.ad.uvm.edu","DAG1-DB191","msx-tp05","3","0.00:00:00","0.00:00:00"
"cdc-tp01.campus.ad.uvm.edu","cdc-mh01.campus.ad.uvm.edu","DAG1-DB191","msx-tp01","4","14.0:00:00","0.0:00:00"
"cdc-tp01.campus.ad.uvm.edu","cdc-mh01.campus.ad.uvm.edu","DAG1-DB192","msx-mh02","2","0.00:00:00","0.00:00:00"
"cdc-tp01.campus.ad.uvm.edu","cdc-mh01.campus.ad.uvm.edu","DAG1-DB192","msx-tp06","3","0.00:00:00","0.00:00:00"
"cdc-tp01.campus.ad.uvm.edu","cdc-mh01.campus.ad.uvm.edu","DAG1-DB192","msx-tp02","4","14.0:00:00","0.0:00:00"
"cdc-tp01.campus.ad.uvm.edu","cdc-mh01.campus.ad.uvm.edu","DAG1-DB193","msx-tp04","2","0.00:00:00","0.00:00:00"
"cdc-tp01.campus.ad.uvm.edu","cdc-mh01.campus.ad.uvm.edu","DAG1-DB193","msx-mh01","3","0.00:00:00","0.00:00:00"
"cdc-tp01.campus.ad.uvm.edu","cdc-mh01.campus.ad.uvm.edu","DAG1-DB193","msx-mh04","4","14.0:00:00","0.0:00:00"
"cdc-tp01.campus.ad.uvm.edu","cdc-mh01.campus.ad.uvm.edu","DAG1-DB194","msx-tp05","2","0.00:00:00","0.00:00:00"
"cdc-tp01.campus.ad.uvm.edu","cdc-mh01.campus.ad.uvm.edu","DAG1-DB194","msx-mh02","3","0.00:00:00","0.00:00:00"
"cdc-tp01.campus.ad.uvm.edu","cdc-mh01.campus.ad.uvm.edu","DAG1-DB194","msx-mh05","4","14.0:00:00","0.0:00:00"
"cdc-tp01.campus.ad.uvm.edu","cdc-mh01.campus.ad.uvm.edu","DAG1-DB195","msx-tp06","2","0.00:00:00","0.00:00:00"
"cdc-tp01.campus.ad.uvm.edu","cdc-mh01.campus.ad.uvm.edu","DAG1-DB195","msx-mh03","3","0.00:00:00","0.00:00:00"
"cdc-tp01.campus.ad.uvm.edu","cdc-mh01.campus.ad.uvm.edu","DAG1-DB195","msx-mh06","4","14.0:00:00","0.0:00:00"
"cdc-tp01.campus.ad.uvm.edu","cdc-mh01.campus.ad.uvm.edu","DAG1-DB196","msx-tp01","2","0.00:00:00","0.00:00:00"
"cdc-tp01.campus.ad.uvm.edu","cdc-mh01.campus.ad.uvm.edu","DAG1-DB196","msx-mh04","3","0.00:00:00","0.00:00:00"
"cdc-tp01.campus.ad.uvm.edu","cdc-mh01.campus.ad.uvm.edu","DAG1-DB196","msx-mh01","4","14.0:00:00","0.0:00:00"
"cdc-tp01.campus.ad.uvm.edu","cdc-mh01.campus.ad.uvm.edu","DAG1-DB197","msx-tp02","2","0.00:00:00","0.00:00:00"
"cdc-tp01.campus.ad.uvm.edu","cdc-mh01.campus.ad.uvm.edu","DAG1-DB197","msx-mh05","3","0.00:00:00","0.00:00:00"
"cdc-tp01.campus.ad.uvm.edu","cdc-mh01.campus.ad.uvm.edu","DAG1-DB197","msx-mh02","4","14.0:00:00","0.0:00:00"
"cdc-tp01.campus.ad.uvm.edu","cdc-mh01.campus.ad.uvm.edu","DAG1-DB198","msx-tp03","2","0.00:00:00","0.00:00:00"
"cdc-tp01.campus.ad.uvm.edu","cdc-mh01.campus.ad.uvm.edu","DAG1-DB198","msx-mh06","3","0.00:00:00","0.00:00:00"
"cdc-tp01.campus.ad.uvm.edu","cdc-mh01.campus.ad.uvm.edu","DAG1-DB198","msx-mh03","4","14.0:00:00","0.0:00:00"
"cdc-tp01.campus.ad.uvm.edu","cdc-mh01.campus.ad.uvm.edu","DAG1-DB199","msx-mh05","2","0.00:00:00","0.00:00:00"
"cdc-tp01.campus.ad.uvm.edu","cdc-mh01.campus.ad.uvm.edu","DAG1-DB199","msx-tp01","3","0.00:00:00","0.00:00:00"
"cdc-tp01.campus.ad.uvm.edu","cdc-mh01.campus.ad.uvm.edu","DAG1-DB199","msx-tp05","4","14.0:00:00","0.0:00:00"
"cdc-tp01.campus.ad.uvm.edu","cdc-mh01.campus.ad.uvm.edu","DAG1-DB200","msx-mh06","2","0.00:00:00","0.00:00:00"
"cdc-tp01.campus.ad.uvm.edu","cdc-mh01.campus.ad.uvm.edu","DAG1-DB200","msx-tp02","3","0.00:00:00","0.00:00:00"
"cdc-tp01.campus.ad.uvm.edu","cdc-mh01.campus.ad.uvm.edu","DAG1-DB200","msx-tp06","4","14.0:00:00","0.0:00:00"
"cdc-tp01.campus.ad.uvm.edu","cdc-mh01.campus.ad.uvm.edu","DAG1-DB201","msx-mh01","2","0.00:00:00","0.00:00:00"
"cdc-tp01.campus.ad.uvm.edu","cdc-mh01.campus.ad.uvm.edu","DAG1-DB201","msx-tp03","3","0.00:00:00","0.00:00:00"
"cdc-tp01.campus.ad.uvm.edu","cdc-mh01.campus.ad.uvm.edu","DAG1-DB201","msx-tp01","4","14.0:00:00","0.0:00:00"
"cdc-tp01.campus.ad.uvm.edu","cdc-mh01.campus.ad.uvm.edu","DAG1-DB202","msx-mh02","2","0.00:00:00","0.00:00:00"
"cdc-tp01.campus.ad.uvm.edu","cdc-mh01.campus.ad.uvm.edu","DAG1-DB202","msx-tp04","3","0.00:00:00","0.00:00:00"
"cdc-tp01.campus.ad.uvm.edu","cdc-mh01.campus.ad.uvm.edu","DAG1-DB202","msx-tp02","4","14.0:00:00","0.0:00:00"
"cdc-tp01.campus.ad.uvm.edu","cdc-mh01.campus.ad.uvm.edu","DAG1-DB203","msx-mh03","2","0.00:00:00","0.00:00:00"
"cdc-tp01.campus.ad.uvm.edu","cdc-mh01.campus.ad.uvm.edu","DAG1-DB203","msx-tp05","3","0.00:00:00","0.00:00:00"
"cdc-tp01.campus.ad.uvm.edu","cdc-mh01.campus.ad.uvm.edu","DAG1-DB203","msx-tp03","4","14.0:00:00","0.0:00:00"
"cdc-tp01.campus.ad.uvm.edu","cdc-mh01.campus.ad.uvm.edu","DAG1-DB204","msx-mh04","2","0.00:00:00","0.00:00:00"
"cdc-tp01.campus.ad.uvm.edu","cdc-mh01.campus.ad.uvm.edu","DAG1-DB204","msx-tp06","3","0.00:00:00","0.00:00:00"
"cdc-tp01.campus.ad.uvm.edu","cdc-mh01.campus.ad.uvm.edu","DAG1-DB204","msx-tp04","4","14.0:00:00","0.0:00:00"
"cdc-tp01.campus.ad.uvm.edu","cdc-mh01.campus.ad.uvm.edu","DAG1-DB205","msx-tp06","2","0.00:00:00","0.00:00:00"
"cdc-tp01.campus.ad.uvm.edu","cdc-mh01.campus.ad.uvm.edu","DAG1-DB205","msx-mh01","3","0.00:00:00","0.00:00:00"
"cdc-tp01.campus.ad.uvm.edu","cdc-mh01.campus.ad.uvm.edu","DAG1-DB205","msx-mh06","4","14.0:00:00","0.0:00:00"
"cdc-tp01.campus.ad.uvm.edu","cdc-mh01.campus.ad.uvm.edu","DAG1-DB206","msx-tp01","2","0.00:00:00","0.00:00:00"
"cdc-tp01.campus.ad.uvm.edu","cdc-mh01.campus.ad.uvm.edu","DAG1-DB206","msx-mh02","3","0.00:00:00","0.00:00:00"
"cdc-tp01.campus.ad.uvm.edu","cdc-mh01.campus.ad.uvm.edu","DAG1-DB206","msx-mh01","4","14.0:00:00","0.0:00:00"
"cdc-tp01.campus.ad.uvm.edu","cdc-mh01.campus.ad.uvm.edu","DAG1-DB207","msx-tp02","2","0.00:00:00","0.00:00:00"
"cdc-tp01.campus.ad.uvm.edu","cdc-mh01.campus.ad.uvm.edu","DAG1-DB207","msx-mh03","3","0.00:00:00","0.00:00:00"
"cdc-tp01.campus.ad.uvm.edu","cdc-mh01.campus.ad.uvm.edu","DAG1-DB207","msx-mh02","4","14.0:00:00","0.0:00:00"
"cdc-tp01.campus.ad.uvm.edu","cdc-mh01.campus.ad.uvm.edu","DAG1-DB208","msx-tp03","2","0.00:00:00","0.00:00:00"
"cdc-tp01.campus.ad.uvm.edu","cdc-mh01.campus.ad.uvm.edu","DAG1-DB208","msx-mh04","3","0.00:00:00","0.00:00:00"
"cdc-tp01.campus.ad.uvm.edu","cdc-mh01.campus.ad.uvm.edu","DAG1-DB208","msx-mh03","4","14.0:00:00","0.0:00:00"
"cdc-tp01.campus.ad.uvm.edu","cdc-mh01.campus.ad.uvm.edu","DAG1-DB209","msx-tp04","2","0.00:00:00","0.00:00:00"
"cdc-tp01.campus.ad.uvm.edu","cdc-mh01.campus.ad.uvm.edu","DAG1-DB209","msx-mh05","3","0.00:00:00","0.00:00:00"
"cdc-tp01.campus.ad.uvm.edu","cdc-mh01.campus.ad.uvm.edu","DAG1-DB209","msx-mh04","4","14.0:00:00","0.0:00:00"
"cdc-tp01.campus.ad.uvm.edu","cdc-mh01.campus.ad.uvm.edu","DAG1-DB210","msx-tp05","2","0.00:00:00","0.00:00:00"
"cdc-tp01.campus.ad.uvm.edu","cdc-mh01.campus.ad.uvm.edu","DAG1-DB210","msx-mh06","3","0.00:00:00","0.00:00:00"
"cdc-tp01.campus.ad.uvm.edu","cdc-mh01.campus.ad.uvm.edu","DAG1-DB210","msx-mh05","4","14.0:00:00","0.0:00:00"
"cdc-tp01.campus.ad.uvm.edu","cdc-mh01.campus.ad.uvm.edu","DAG1-DB211","msx-mh02","2","0.00:00:00","0.00:00:00"
"cdc-tp01.campus.ad.uvm.edu","cdc-mh01.campus.ad.uvm.edu","DAG1-DB211","msx-tp01","3","0.00:00:00","0.00:00:00"
"cdc-tp01.campus.ad.uvm.edu","cdc-mh01.campus.ad.uvm.edu","DAG1-DB211","msx-tp02","4","14.0:00:00","0.0:00:00"
"cdc-tp01.campus.ad.uvm.edu","cdc-mh01.campus.ad.uvm.edu","DAG1-DB212","msx-mh03","2","0.00:00:00","0.00:00:00"
"cdc-tp01.campus.ad.uvm.edu","cdc-mh01.campus.ad.uvm.edu","DAG1-DB212","msx-tp02","3","0.00:00:00","0.00:00:00"
"cdc-tp01.campus.ad.uvm.edu","cdc-mh01.campus.ad.uvm.edu","DAG1-DB212","msx-tp03","4","14.0:00:00","0.0:00:00"
"cdc-tp01.campus.ad.uvm.edu","cdc-mh01.campus.ad.uvm.edu","DAG1-DB213","msx-mh04","2","0.00:00:00","0.00:00:00"
"cdc-tp01.campus.ad.uvm.edu","cdc-mh01.campus.ad.uvm.edu","DAG1-DB213","msx-tp03","3","0.00:00:00","0.00:00:00"
"cdc-tp01.campus.ad.uvm.edu","cdc-mh01.campus.ad.uvm.edu","DAG1-DB213","msx-tp04","4","14.0:00:00","0.0:00:00"
"cdc-tp01.campus.ad.uvm.edu","cdc-mh01.campus.ad.uvm.edu","DAG1-DB214","msx-mh05","2","0.00:00:00","0.00:00:00"
"cdc-tp01.campus.ad.uvm.edu","cdc-mh01.campus.ad.uvm.edu","DAG1-DB214","msx-tp04","3","0.00:00:00","0.00:00:00"
"cdc-tp01.campus.ad.uvm.edu","cdc-mh01.campus.ad.uvm.edu","DAG1-DB214","msx-tp05","4","14.0:00:00","0.0:00:00"
"cdc-tp01.campus.ad.uvm.edu","cdc-mh01.campus.ad.uvm.edu","DAG1-DB215","msx-mh06","2","0.00:00:00","0.00:00:00"
"cdc-tp01.campus.ad.uvm.edu","cdc-mh01.campus.ad.uvm.edu","DAG1-DB215","msx-tp05","3","0.00:00:00","0.00:00:00"
"cdc-tp01.campus.ad.uvm.edu","cdc-mh01.campus.ad.uvm.edu","DAG1-DB215","msx-tp06","4","14.0:00:00","0.0:00:00"
"cdc-tp01.campus.ad.uvm.edu","cdc-mh01.campus.ad.uvm.edu","DAG1-DB216","msx-mh01","2","0.00:00:00","0.00:00:00"
"cdc-tp01.campus.ad.uvm.edu","cdc-mh01.campus.ad.uvm.edu","DAG1-DB216","msx-tp06","3","0.00:00:00","0.00:00:00"
"cdc-tp01.campus.ad.uvm.edu","cdc-mh01.campus.ad.uvm.edu","DAG1-DB216","msx-tp01","4","14.0:00:00","0.0:00:00"
