Name,Server,EDBFilePath,LogFolderPath,DeletedItemRetention,GC,OAB,RetainDeletedItemsUntilBackup,IndexEnabled,CircularLoggingEnabled,ProhibitSendReceiveQuota,ProhibitSendQuota,IssueWarningQuota,AllowFileRestore,BackgroundDatabaseMaintenance,IsExcludedFromProvisioning,IsSuspendedFromProvisioning,MailboxRetention,MountAtStartup,EventHistoryRetentionPeriod,AutoDagExcludeFromMonitoring,CalendarLoggingQuota,IsExcludedFromInitialProvisioning,DataMoveReplicationConstraint,RecoverableItemsQuota,RecoverableItemsWarningQuota
"VersionNumber","2.1","7.6",,,,,,,,,,,,,,,,,,,,,,,""
"DAG1-DB001","msx-tp01","C:\ExchangeDatabases\DAG1-DB001\DAG1-DB001.db\DAG1-DB001.edb","C:\ExchangeDatabases\DAG1-DB001\DAG1-DB001.log","60.00:00:00","cdc-tp01.campus.ad.uvm.edu","\Default Offline Address Book","FALSE","True","TRUE","53760 MB","51200 MB","48640 MB","True","True","False","False","60.00:00:00","True","7.00:00:00","False","1GB","False","SecondDatacenter","60","40"
"DAG1-DB002","msx-tp02","C:\ExchangeDatabases\DAG1-DB002\DAG1-DB002.db\DAG1-DB002.edb","C:\ExchangeDatabases\DAG1-DB002\DAG1-DB002.log","60.00:00:00","cdc-tp01.campus.ad.uvm.edu","\Default Offline Address Book","FALSE","True","TRUE","53760 MB","51200 MB","48640 MB","True","True","False","False","60.00:00:00","True","7.00:00:00","False","1GB","False","SecondDatacenter","60","40"
"DAG1-DB003","msx-tp03","C:\ExchangeDatabases\DAG1-DB003\DAG1-DB003.db\DAG1-DB003.edb","C:\ExchangeDatabases\DAG1-DB003\DAG1-DB003.log","60.00:00:00","cdc-tp01.campus.ad.uvm.edu","\Default Offline Address Book","FALSE","True","TRUE","53760 MB","51200 MB","48640 MB","True","True","False","False","60.00:00:00","True","7.00:00:00","False","1GB","False","SecondDatacenter","60","40"
"DAG1-DB004","msx-tp04","C:\ExchangeDatabases\DAG1-DB004\DAG1-DB004.db\DAG1-DB004.edb","C:\ExchangeDatabases\DAG1-DB004\DAG1-DB004.log","60.00:00:00","cdc-tp01.campus.ad.uvm.edu","\Default Offline Address Book","FALSE","True","TRUE","53760 MB","51200 MB","48640 MB","True","True","False","False","60.00:00:00","True","7.00:00:00","False","1GB","False","SecondDatacenter","60","40"
"DAG1-DB005","msx-tp05","C:\ExchangeDatabases\DAG1-DB005\DAG1-DB005.db\DAG1-DB005.edb","C:\ExchangeDatabases\DAG1-DB005\DAG1-DB005.log","60.00:00:00","cdc-tp01.campus.ad.uvm.edu","\Default Offline Address Book","FALSE","True","TRUE","53760 MB","51200 MB","48640 MB","True","True","False","False","60.00:00:00","True","7.00:00:00","False","1GB","False","SecondDatacenter","60","40"
"DAG1-DB006","msx-tp06","C:\ExchangeDatabases\DAG1-DB006\DAG1-DB006.db\DAG1-DB006.edb","C:\ExchangeDatabases\DAG1-DB006\DAG1-DB006.log","60.00:00:00","cdc-tp01.campus.ad.uvm.edu","\Default Offline Address Book","FALSE","True","TRUE","53760 MB","51200 MB","48640 MB","True","True","False","False","60.00:00:00","True","7.00:00:00","False","1GB","False","SecondDatacenter","60","40"
"DAG1-DB007","msx-mh01","C:\ExchangeDatabases\DAG1-DB007\DAG1-DB007.db\DAG1-DB007.edb","C:\ExchangeDatabases\DAG1-DB007\DAG1-DB007.log","60.00:00:00","cdc-mh01.campus.ad.uvm.edu","\Default Offline Address Book","FALSE","True","TRUE","53760 MB","51200 MB","48640 MB","True","True","False","False","60.00:00:00","True","7.00:00:00","False","1GB","False","SecondDatacenter","60","40"
"DAG1-DB008","msx-mh02","C:\ExchangeDatabases\DAG1-DB008\DAG1-DB008.db\DAG1-DB008.edb","C:\ExchangeDatabases\DAG1-DB008\DAG1-DB008.log","60.00:00:00","cdc-mh01.campus.ad.uvm.edu","\Default Offline Address Book","FALSE","True","TRUE","53760 MB","51200 MB","48640 MB","True","True","False","False","60.00:00:00","True","7.00:00:00","False","1GB","False","SecondDatacenter","60","40"
"DAG1-DB009","msx-mh03","C:\ExchangeDatabases\DAG1-DB009\DAG1-DB009.db\DAG1-DB009.edb","C:\ExchangeDatabases\DAG1-DB009\DAG1-DB009.log","60.00:00:00","cdc-mh01.campus.ad.uvm.edu","\Default Offline Address Book","FALSE","True","TRUE","53760 MB","51200 MB","48640 MB","True","True","False","False","60.00:00:00","True","7.00:00:00","False","1GB","False","SecondDatacenter","60","40"
"DAG1-DB010","msx-mh04","C:\ExchangeDatabases\DAG1-DB010\DAG1-DB010.db\DAG1-DB010.edb","C:\ExchangeDatabases\DAG1-DB010\DAG1-DB010.log","60.00:00:00","cdc-mh01.campus.ad.uvm.edu","\Default Offline Address Book","FALSE","True","TRUE","53760 MB","51200 MB","48640 MB","True","True","False","False","60.00:00:00","True","7.00:00:00","False","1GB","False","SecondDatacenter","60","40"
"DAG1-DB011","msx-mh05","C:\ExchangeDatabases\DAG1-DB011\DAG1-DB011.db\DAG1-DB011.edb","C:\ExchangeDatabases\DAG1-DB011\DAG1-DB011.log","60.00:00:00","cdc-mh01.campus.ad.uvm.edu","\Default Offline Address Book","FALSE","True","TRUE","53760 MB","51200 MB","48640 MB","True","True","False","False","60.00:00:00","True","7.00:00:00","False","1GB","False","SecondDatacenter","60","40"
"DAG1-DB012","msx-mh06","C:\ExchangeDatabases\DAG1-DB012\DAG1-DB012.db\DAG1-DB012.edb","C:\ExchangeDatabases\DAG1-DB012\DAG1-DB012.log","60.00:00:00","cdc-mh01.campus.ad.uvm.edu","\Default Offline Address Book","FALSE","True","TRUE","53760 MB","51200 MB","48640 MB","True","True","False","False","60.00:00:00","True","7.00:00:00","False","1GB","False","SecondDatacenter","60","40"
"DAG1-DB013","msx-tp01","C:\ExchangeDatabases\DAG1-DB013\DAG1-DB013.db\DAG1-DB013.edb","C:\ExchangeDatabases\DAG1-DB013\DAG1-DB013.log","60.00:00:00","cdc-tp01.campus.ad.uvm.edu","\Default Offline Address Book","FALSE","True","TRUE","53760 MB","51200 MB","48640 MB","True","True","False","False","60.00:00:00","True","7.00:00:00","False","1GB","False","SecondDatacenter","60","40"
"DAG1-DB014","msx-tp02","C:\ExchangeDatabases\DAG1-DB014\DAG1-DB014.db\DAG1-DB014.edb","C:\ExchangeDatabases\DAG1-DB014\DAG1-DB014.log","60.00:00:00","cdc-tp01.campus.ad.uvm.edu","\Default Offline Address Book","FALSE","True","TRUE","53760 MB","51200 MB","48640 MB","True","True","False","False","60.00:00:00","True","7.00:00:00","False","1GB","False","SecondDatacenter","60","40"
"DAG1-DB015","msx-tp03","C:\ExchangeDatabases\DAG1-DB015\DAG1-DB015.db\DAG1-DB015.edb","C:\ExchangeDatabases\DAG1-DB015\DAG1-DB015.log","60.00:00:00","cdc-tp01.campus.ad.uvm.edu","\Default Offline Address Book","FALSE","True","TRUE","53760 MB","51200 MB","48640 MB","True","True","False","False","60.00:00:00","True","7.00:00:00","False","1GB","False","SecondDatacenter","60","40"
"DAG1-DB016","msx-tp04","C:\ExchangeDatabases\DAG1-DB016\DAG1-DB016.db\DAG1-DB016.edb","C:\ExchangeDatabases\DAG1-DB016\DAG1-DB016.log","60.00:00:00","cdc-tp01.campus.ad.uvm.edu","\Default Offline Address Book","FALSE","True","TRUE","53760 MB","51200 MB","48640 MB","True","True","False","False","60.00:00:00","True","7.00:00:00","False","1GB","False","SecondDatacenter","60","40"
"DAG1-DB017","msx-tp05","C:\ExchangeDatabases\DAG1-DB017\DAG1-DB017.db\DAG1-DB017.edb","C:\ExchangeDatabases\DAG1-DB017\DAG1-DB017.log","60.00:00:00","cdc-tp01.campus.ad.uvm.edu","\Default Offline Address Book","FALSE","True","TRUE","53760 MB","51200 MB","48640 MB","True","True","False","False","60.00:00:00","True","7.00:00:00","False","1GB","False","SecondDatacenter","60","40"
"DAG1-DB018","msx-tp06","C:\ExchangeDatabases\DAG1-DB018\DAG1-DB018.db\DAG1-DB018.edb","C:\ExchangeDatabases\DAG1-DB018\DAG1-DB018.log","60.00:00:00","cdc-tp01.campus.ad.uvm.edu","\Default Offline Address Book","FALSE","True","TRUE","53760 MB","51200 MB","48640 MB","True","True","False","False","60.00:00:00","True","7.00:00:00","False","1GB","False","SecondDatacenter","60","40"
"DAG1-DB019","msx-mh01","C:\ExchangeDatabases\DAG1-DB019\DAG1-DB019.db\DAG1-DB019.edb","C:\ExchangeDatabases\DAG1-DB019\DAG1-DB019.log","60.00:00:00","cdc-mh01.campus.ad.uvm.edu","\Default Offline Address Book","FALSE","True","TRUE","53760 MB","51200 MB","48640 MB","True","True","False","False","60.00:00:00","True","7.00:00:00","False","1GB","False","SecondDatacenter","60","40"
"DAG1-DB020","msx-mh02","C:\ExchangeDatabases\DAG1-DB020\DAG1-DB020.db\DAG1-DB020.edb","C:\ExchangeDatabases\DAG1-DB020\DAG1-DB020.log","60.00:00:00","cdc-mh01.campus.ad.uvm.edu","\Default Offline Address Book","FALSE","True","TRUE","53760 MB","51200 MB","48640 MB","True","True","False","False","60.00:00:00","True","7.00:00:00","False","1GB","False","SecondDatacenter","60","40"
"DAG1-DB021","msx-mh03","C:\ExchangeDatabases\DAG1-DB021\DAG1-DB021.db\DAG1-DB021.edb","C:\ExchangeDatabases\DAG1-DB021\DAG1-DB021.log","60.00:00:00","cdc-mh01.campus.ad.uvm.edu","\Default Offline Address Book","FALSE","True","TRUE","53760 MB","51200 MB","48640 MB","True","True","False","False","60.00:00:00","True","7.00:00:00","False","1GB","False","SecondDatacenter","60","40"
"DAG1-DB022","msx-mh04","C:\ExchangeDatabases\DAG1-DB022\DAG1-DB022.db\DAG1-DB022.edb","C:\ExchangeDatabases\DAG1-DB022\DAG1-DB022.log","60.00:00:00","cdc-mh01.campus.ad.uvm.edu","\Default Offline Address Book","FALSE","True","TRUE","53760 MB","51200 MB","48640 MB","True","True","False","False","60.00:00:00","True","7.00:00:00","False","1GB","False","SecondDatacenter","60","40"
"DAG1-DB023","msx-mh05","C:\ExchangeDatabases\DAG1-DB023\DAG1-DB023.db\DAG1-DB023.edb","C:\ExchangeDatabases\DAG1-DB023\DAG1-DB023.log","60.00:00:00","cdc-mh01.campus.ad.uvm.edu","\Default Offline Address Book","FALSE","True","TRUE","53760 MB","51200 MB","48640 MB","True","True","False","False","60.00:00:00","True","7.00:00:00","False","1GB","False","SecondDatacenter","60","40"
"DAG1-DB024","msx-mh06","C:\ExchangeDatabases\DAG1-DB024\DAG1-DB024.db\DAG1-DB024.edb","C:\ExchangeDatabases\DAG1-DB024\DAG1-DB024.log","60.00:00:00","cdc-mh01.campus.ad.uvm.edu","\Default Offline Address Book","FALSE","True","TRUE","53760 MB","51200 MB","48640 MB","True","True","False","False","60.00:00:00","True","7.00:00:00","False","1GB","False","SecondDatacenter","60","40"
"DAG1-DB025","msx-tp01","C:\ExchangeDatabases\DAG1-DB025\DAG1-DB025.db\DAG1-DB025.edb","C:\ExchangeDatabases\DAG1-DB025\DAG1-DB025.log","60.00:00:00","cdc-tp01.campus.ad.uvm.edu","\Default Offline Address Book","FALSE","True","TRUE","53760 MB","51200 MB","48640 MB","True","True","False","False","60.00:00:00","True","7.00:00:00","False","1GB","False","SecondDatacenter","60","40"
"DAG1-DB026","msx-tp02","C:\ExchangeDatabases\DAG1-DB026\DAG1-DB026.db\DAG1-DB026.edb","C:\ExchangeDatabases\DAG1-DB026\DAG1-DB026.log","60.00:00:00","cdc-tp01.campus.ad.uvm.edu","\Default Offline Address Book","FALSE","True","TRUE","53760 MB","51200 MB","48640 MB","True","True","False","False","60.00:00:00","True","7.00:00:00","False","1GB","False","SecondDatacenter","60","40"
"DAG1-DB027","msx-tp03","C:\ExchangeDatabases\DAG1-DB027\DAG1-DB027.db\DAG1-DB027.edb","C:\ExchangeDatabases\DAG1-DB027\DAG1-DB027.log","60.00:00:00","cdc-tp01.campus.ad.uvm.edu","\Default Offline Address Book","FALSE","True","TRUE","53760 MB","51200 MB","48640 MB","True","True","False","False","60.00:00:00","True","7.00:00:00","False","1GB","False","SecondDatacenter","60","40"
"DAG1-DB028","msx-tp04","C:\ExchangeDatabases\DAG1-DB028\DAG1-DB028.db\DAG1-DB028.edb","C:\ExchangeDatabases\DAG1-DB028\DAG1-DB028.log","60.00:00:00","cdc-tp01.campus.ad.uvm.edu","\Default Offline Address Book","FALSE","True","TRUE","53760 MB","51200 MB","48640 MB","True","True","False","False","60.00:00:00","True","7.00:00:00","False","1GB","False","SecondDatacenter","60","40"
"DAG1-DB029","msx-tp05","C:\ExchangeDatabases\DAG1-DB029\DAG1-DB029.db\DAG1-DB029.edb","C:\ExchangeDatabases\DAG1-DB029\DAG1-DB029.log","60.00:00:00","cdc-tp01.campus.ad.uvm.edu","\Default Offline Address Book","FALSE","True","TRUE","53760 MB","51200 MB","48640 MB","True","True","False","False","60.00:00:00","True","7.00:00:00","False","1GB","False","SecondDatacenter","60","40"
"DAG1-DB030","msx-tp06","C:\ExchangeDatabases\DAG1-DB030\DAG1-DB030.db\DAG1-DB030.edb","C:\ExchangeDatabases\DAG1-DB030\DAG1-DB030.log","60.00:00:00","cdc-tp01.campus.ad.uvm.edu","\Default Offline Address Book","FALSE","True","TRUE","53760 MB","51200 MB","48640 MB","True","True","False","False","60.00:00:00","True","7.00:00:00","False","1GB","False","SecondDatacenter","60","40"
"DAG1-DB031","msx-mh01","C:\ExchangeDatabases\DAG1-DB031\DAG1-DB031.db\DAG1-DB031.edb","C:\ExchangeDatabases\DAG1-DB031\DAG1-DB031.log","60.00:00:00","cdc-mh01.campus.ad.uvm.edu","\Default Offline Address Book","FALSE","True","TRUE","53760 MB","51200 MB","48640 MB","True","True","False","False","60.00:00:00","True","7.00:00:00","False","1GB","False","SecondDatacenter","60","40"
"DAG1-DB032","msx-mh02","C:\ExchangeDatabases\DAG1-DB032\DAG1-DB032.db\DAG1-DB032.edb","C:\ExchangeDatabases\DAG1-DB032\DAG1-DB032.log","60.00:00:00","cdc-mh01.campus.ad.uvm.edu","\Default Offline Address Book","FALSE","True","TRUE","53760 MB","51200 MB","48640 MB","True","True","False","False","60.00:00:00","True","7.00:00:00","False","1GB","False","SecondDatacenter","60","40"
"DAG1-DB033","msx-mh03","C:\ExchangeDatabases\DAG1-DB033\DAG1-DB033.db\DAG1-DB033.edb","C:\ExchangeDatabases\DAG1-DB033\DAG1-DB033.log","60.00:00:00","cdc-mh01.campus.ad.uvm.edu","\Default Offline Address Book","FALSE","True","TRUE","53760 MB","51200 MB","48640 MB","True","True","False","False","60.00:00:00","True","7.00:00:00","False","1GB","False","SecondDatacenter","60","40"
"DAG1-DB034","msx-mh04","C:\ExchangeDatabases\DAG1-DB034\DAG1-DB034.db\DAG1-DB034.edb","C:\ExchangeDatabases\DAG1-DB034\DAG1-DB034.log","60.00:00:00","cdc-mh01.campus.ad.uvm.edu","\Default Offline Address Book","FALSE","True","TRUE","53760 MB","51200 MB","48640 MB","True","True","False","False","60.00:00:00","True","7.00:00:00","False","1GB","False","SecondDatacenter","60","40"
"DAG1-DB035","msx-mh05","C:\ExchangeDatabases\DAG1-DB035\DAG1-DB035.db\DAG1-DB035.edb","C:\ExchangeDatabases\DAG1-DB035\DAG1-DB035.log","60.00:00:00","cdc-mh01.campus.ad.uvm.edu","\Default Offline Address Book","FALSE","True","TRUE","53760 MB","51200 MB","48640 MB","True","True","False","False","60.00:00:00","True","7.00:00:00","False","1GB","False","SecondDatacenter","60","40"
"DAG1-DB036","msx-mh06","C:\ExchangeDatabases\DAG1-DB036\DAG1-DB036.db\DAG1-DB036.edb","C:\ExchangeDatabases\DAG1-DB036\DAG1-DB036.log","60.00:00:00","cdc-mh01.campus.ad.uvm.edu","\Default Offline Address Book","FALSE","True","TRUE","53760 MB","51200 MB","48640 MB","True","True","False","False","60.00:00:00","True","7.00:00:00","False","1GB","False","SecondDatacenter","60","40"
"DAG1-DB037","msx-tp01","C:\ExchangeDatabases\DAG1-DB037\DAG1-DB037.db\DAG1-DB037.edb","C:\ExchangeDatabases\DAG1-DB037\DAG1-DB037.log","60.00:00:00","cdc-tp01.campus.ad.uvm.edu","\Default Offline Address Book","FALSE","True","TRUE","53760 MB","51200 MB","48640 MB","True","True","False","False","60.00:00:00","True","7.00:00:00","False","1GB","False","SecondDatacenter","60","40"
"DAG1-DB038","msx-tp02","C:\ExchangeDatabases\DAG1-DB038\DAG1-DB038.db\DAG1-DB038.edb","C:\ExchangeDatabases\DAG1-DB038\DAG1-DB038.log","60.00:00:00","cdc-tp01.campus.ad.uvm.edu","\Default Offline Address Book","FALSE","True","TRUE","53760 MB","51200 MB","48640 MB","True","True","False","False","60.00:00:00","True","7.00:00:00","False","1GB","False","SecondDatacenter","60","40"
"DAG1-DB039","msx-tp03","C:\ExchangeDatabases\DAG1-DB039\DAG1-DB039.db\DAG1-DB039.edb","C:\ExchangeDatabases\DAG1-DB039\DAG1-DB039.log","60.00:00:00","cdc-tp01.campus.ad.uvm.edu","\Default Offline Address Book","FALSE","True","TRUE","53760 MB","51200 MB","48640 MB","True","True","False","False","60.00:00:00","True","7.00:00:00","False","1GB","False","SecondDatacenter","60","40"
"DAG1-DB040","msx-tp04","C:\ExchangeDatabases\DAG1-DB040\DAG1-DB040.db\DAG1-DB040.edb","C:\ExchangeDatabases\DAG1-DB040\DAG1-DB040.log","60.00:00:00","cdc-tp01.campus.ad.uvm.edu","\Default Offline Address Book","FALSE","True","TRUE","53760 MB","51200 MB","48640 MB","True","True","False","False","60.00:00:00","True","7.00:00:00","False","1GB","False","SecondDatacenter","60","40"
"DAG1-DB041","msx-tp05","C:\ExchangeDatabases\DAG1-DB041\DAG1-DB041.db\DAG1-DB041.edb","C:\ExchangeDatabases\DAG1-DB041\DAG1-DB041.log","60.00:00:00","cdc-tp01.campus.ad.uvm.edu","\Default Offline Address Book","FALSE","True","TRUE","53760 MB","51200 MB","48640 MB","True","True","False","False","60.00:00:00","True","7.00:00:00","False","1GB","False","SecondDatacenter","60","40"
"DAG1-DB042","msx-tp06","C:\ExchangeDatabases\DAG1-DB042\DAG1-DB042.db\DAG1-DB042.edb","C:\ExchangeDatabases\DAG1-DB042\DAG1-DB042.log","60.00:00:00","cdc-tp01.campus.ad.uvm.edu","\Default Offline Address Book","FALSE","True","TRUE","53760 MB","51200 MB","48640 MB","True","True","False","False","60.00:00:00","True","7.00:00:00","False","1GB","False","SecondDatacenter","60","40"
"DAG1-DB043","msx-mh01","C:\ExchangeDatabases\DAG1-DB043\DAG1-DB043.db\DAG1-DB043.edb","C:\ExchangeDatabases\DAG1-DB043\DAG1-DB043.log","60.00:00:00","cdc-mh01.campus.ad.uvm.edu","\Default Offline Address Book","FALSE","True","TRUE","53760 MB","51200 MB","48640 MB","True","True","False","False","60.00:00:00","True","7.00:00:00","False","1GB","False","SecondDatacenter","60","40"
"DAG1-DB044","msx-mh02","C:\ExchangeDatabases\DAG1-DB044\DAG1-DB044.db\DAG1-DB044.edb","C:\ExchangeDatabases\DAG1-DB044\DAG1-DB044.log","60.00:00:00","cdc-mh01.campus.ad.uvm.edu","\Default Offline Address Book","FALSE","True","TRUE","53760 MB","51200 MB","48640 MB","True","True","False","False","60.00:00:00","True","7.00:00:00","False","1GB","False","SecondDatacenter","60","40"
"DAG1-DB045","msx-mh03","C:\ExchangeDatabases\DAG1-DB045\DAG1-DB045.db\DAG1-DB045.edb","C:\ExchangeDatabases\DAG1-DB045\DAG1-DB045.log","60.00:00:00","cdc-mh01.campus.ad.uvm.edu","\Default Offline Address Book","FALSE","True","TRUE","53760 MB","51200 MB","48640 MB","True","True","False","False","60.00:00:00","True","7.00:00:00","False","1GB","False","SecondDatacenter","60","40"
"DAG1-DB046","msx-mh04","C:\ExchangeDatabases\DAG1-DB046\DAG1-DB046.db\DAG1-DB046.edb","C:\ExchangeDatabases\DAG1-DB046\DAG1-DB046.log","60.00:00:00","cdc-mh01.campus.ad.uvm.edu","\Default Offline Address Book","FALSE","True","TRUE","53760 MB","51200 MB","48640 MB","True","True","False","False","60.00:00:00","True","7.00:00:00","False","1GB","False","SecondDatacenter","60","40"
"DAG1-DB047","msx-mh05","C:\ExchangeDatabases\DAG1-DB047\DAG1-DB047.db\DAG1-DB047.edb","C:\ExchangeDatabases\DAG1-DB047\DAG1-DB047.log","60.00:00:00","cdc-mh01.campus.ad.uvm.edu","\Default Offline Address Book","FALSE","True","TRUE","53760 MB","51200 MB","48640 MB","True","True","False","False","60.00:00:00","True","7.00:00:00","False","1GB","False","SecondDatacenter","60","40"
"DAG1-DB048","msx-mh06","C:\ExchangeDatabases\DAG1-DB048\DAG1-DB048.db\DAG1-DB048.edb","C:\ExchangeDatabases\DAG1-DB048\DAG1-DB048.log","60.00:00:00","cdc-mh01.campus.ad.uvm.edu","\Default Offline Address Book","FALSE","True","TRUE","53760 MB","51200 MB","48640 MB","True","True","False","False","60.00:00:00","True","7.00:00:00","False","1GB","False","SecondDatacenter","60","40"
"DAG1-DB049","msx-tp01","C:\ExchangeDatabases\DAG1-DB049\DAG1-DB049.db\DAG1-DB049.edb","C:\ExchangeDatabases\DAG1-DB049\DAG1-DB049.log","60.00:00:00","cdc-tp01.campus.ad.uvm.edu","\Default Offline Address Book","FALSE","True","TRUE","53760 MB","51200 MB","48640 MB","True","True","False","False","60.00:00:00","True","7.00:00:00","False","1GB","False","SecondDatacenter","60","40"
"DAG1-DB050","msx-tp02","C:\ExchangeDatabases\DAG1-DB050\DAG1-DB050.db\DAG1-DB050.edb","C:\ExchangeDatabases\DAG1-DB050\DAG1-DB050.log","60.00:00:00","cdc-tp01.campus.ad.uvm.edu","\Default Offline Address Book","FALSE","True","TRUE","53760 MB","51200 MB","48640 MB","True","True","False","False","60.00:00:00","True","7.00:00:00","False","1GB","False","SecondDatacenter","60","40"
"DAG1-DB051","msx-tp03","C:\ExchangeDatabases\DAG1-DB051\DAG1-DB051.db\DAG1-DB051.edb","C:\ExchangeDatabases\DAG1-DB051\DAG1-DB051.log","60.00:00:00","cdc-tp01.campus.ad.uvm.edu","\Default Offline Address Book","FALSE","True","TRUE","53760 MB","51200 MB","48640 MB","True","True","False","False","60.00:00:00","True","7.00:00:00","False","1GB","False","SecondDatacenter","60","40"
"DAG1-DB052","msx-tp04","C:\ExchangeDatabases\DAG1-DB052\DAG1-DB052.db\DAG1-DB052.edb","C:\ExchangeDatabases\DAG1-DB052\DAG1-DB052.log","60.00:00:00","cdc-tp01.campus.ad.uvm.edu","\Default Offline Address Book","FALSE","True","TRUE","53760 MB","51200 MB","48640 MB","True","True","False","False","60.00:00:00","True","7.00:00:00","False","1GB","False","SecondDatacenter","60","40"
"DAG1-DB053","msx-tp05","C:\ExchangeDatabases\DAG1-DB053\DAG1-DB053.db\DAG1-DB053.edb","C:\ExchangeDatabases\DAG1-DB053\DAG1-DB053.log","60.00:00:00","cdc-tp01.campus.ad.uvm.edu","\Default Offline Address Book","FALSE","True","TRUE","53760 MB","51200 MB","48640 MB","True","True","False","False","60.00:00:00","True","7.00:00:00","False","1GB","False","SecondDatacenter","60","40"
"DAG1-DB054","msx-tp06","C:\ExchangeDatabases\DAG1-DB054\DAG1-DB054.db\DAG1-DB054.edb","C:\ExchangeDatabases\DAG1-DB054\DAG1-DB054.log","60.00:00:00","cdc-tp01.campus.ad.uvm.edu","\Default Offline Address Book","FALSE","True","TRUE","53760 MB","51200 MB","48640 MB","True","True","False","False","60.00:00:00","True","7.00:00:00","False","1GB","False","SecondDatacenter","60","40"
"DAG1-DB055","msx-mh01","C:\ExchangeDatabases\DAG1-DB055\DAG1-DB055.db\DAG1-DB055.edb","C:\ExchangeDatabases\DAG1-DB055\DAG1-DB055.log","60.00:00:00","cdc-mh01.campus.ad.uvm.edu","\Default Offline Address Book","FALSE","True","TRUE","53760 MB","51200 MB","48640 MB","True","True","False","False","60.00:00:00","True","7.00:00:00","False","1GB","False","SecondDatacenter","60","40"
"DAG1-DB056","msx-mh02","C:\ExchangeDatabases\DAG1-DB056\DAG1-DB056.db\DAG1-DB056.edb","C:\ExchangeDatabases\DAG1-DB056\DAG1-DB056.log","60.00:00:00","cdc-mh01.campus.ad.uvm.edu","\Default Offline Address Book","FALSE","True","TRUE","53760 MB","51200 MB","48640 MB","True","True","False","False","60.00:00:00","True","7.00:00:00","False","1GB","False","SecondDatacenter","60","40"
"DAG1-DB057","msx-mh03","C:\ExchangeDatabases\DAG1-DB057\DAG1-DB057.db\DAG1-DB057.edb","C:\ExchangeDatabases\DAG1-DB057\DAG1-DB057.log","60.00:00:00","cdc-mh01.campus.ad.uvm.edu","\Default Offline Address Book","FALSE","True","TRUE","53760 MB","51200 MB","48640 MB","True","True","False","False","60.00:00:00","True","7.00:00:00","False","1GB","False","SecondDatacenter","60","40"
"DAG1-DB058","msx-mh04","C:\ExchangeDatabases\DAG1-DB058\DAG1-DB058.db\DAG1-DB058.edb","C:\ExchangeDatabases\DAG1-DB058\DAG1-DB058.log","60.00:00:00","cdc-mh01.campus.ad.uvm.edu","\Default Offline Address Book","FALSE","True","TRUE","53760 MB","51200 MB","48640 MB","True","True","False","False","60.00:00:00","True","7.00:00:00","False","1GB","False","SecondDatacenter","60","40"
"DAG1-DB059","msx-mh05","C:\ExchangeDatabases\DAG1-DB059\DAG1-DB059.db\DAG1-DB059.edb","C:\ExchangeDatabases\DAG1-DB059\DAG1-DB059.log","60.00:00:00","cdc-mh01.campus.ad.uvm.edu","\Default Offline Address Book","FALSE","True","TRUE","53760 MB","51200 MB","48640 MB","True","True","False","False","60.00:00:00","True","7.00:00:00","False","1GB","False","SecondDatacenter","60","40"
"DAG1-DB060","msx-mh06","C:\ExchangeDatabases\DAG1-DB060\DAG1-DB060.db\DAG1-DB060.edb","C:\ExchangeDatabases\DAG1-DB060\DAG1-DB060.log","60.00:00:00","cdc-mh01.campus.ad.uvm.edu","\Default Offline Address Book","FALSE","True","TRUE","53760 MB","51200 MB","48640 MB","True","True","False","False","60.00:00:00","True","7.00:00:00","False","1GB","False","SecondDatacenter","60","40"
"DAG1-DB061","msx-tp01","C:\ExchangeDatabases\DAG1-DB061\DAG1-DB061.db\DAG1-DB061.edb","C:\ExchangeDatabases\DAG1-DB061\DAG1-DB061.log","60.00:00:00","cdc-tp01.campus.ad.uvm.edu","\Default Offline Address Book","FALSE","True","TRUE","53760 MB","51200 MB","48640 MB","True","True","False","False","60.00:00:00","True","7.00:00:00","False","1GB","False","SecondDatacenter","60","40"
"DAG1-DB062","msx-tp02","C:\ExchangeDatabases\DAG1-DB062\DAG1-DB062.db\DAG1-DB062.edb","C:\ExchangeDatabases\DAG1-DB062\DAG1-DB062.log","60.00:00:00","cdc-tp01.campus.ad.uvm.edu","\Default Offline Address Book","FALSE","True","TRUE","53760 MB","51200 MB","48640 MB","True","True","False","False","60.00:00:00","True","7.00:00:00","False","1GB","False","SecondDatacenter","60","40"
"DAG1-DB063","msx-tp03","C:\ExchangeDatabases\DAG1-DB063\DAG1-DB063.db\DAG1-DB063.edb","C:\ExchangeDatabases\DAG1-DB063\DAG1-DB063.log","60.00:00:00","cdc-tp01.campus.ad.uvm.edu","\Default Offline Address Book","FALSE","True","TRUE","53760 MB","51200 MB","48640 MB","True","True","False","False","60.00:00:00","True","7.00:00:00","False","1GB","False","SecondDatacenter","60","40"
"DAG1-DB064","msx-tp04","C:\ExchangeDatabases\DAG1-DB064\DAG1-DB064.db\DAG1-DB064.edb","C:\ExchangeDatabases\DAG1-DB064\DAG1-DB064.log","60.00:00:00","cdc-tp01.campus.ad.uvm.edu","\Default Offline Address Book","FALSE","True","TRUE","53760 MB","51200 MB","48640 MB","True","True","False","False","60.00:00:00","True","7.00:00:00","False","1GB","False","SecondDatacenter","60","40"
"DAG1-DB065","msx-tp05","C:\ExchangeDatabases\DAG1-DB065\DAG1-DB065.db\DAG1-DB065.edb","C:\ExchangeDatabases\DAG1-DB065\DAG1-DB065.log","60.00:00:00","cdc-tp01.campus.ad.uvm.edu","\Default Offline Address Book","FALSE","True","TRUE","53760 MB","51200 MB","48640 MB","True","True","False","False","60.00:00:00","True","7.00:00:00","False","1GB","False","SecondDatacenter","60","40"
"DAG1-DB066","msx-tp06","C:\ExchangeDatabases\DAG1-DB066\DAG1-DB066.db\DAG1-DB066.edb","C:\ExchangeDatabases\DAG1-DB066\DAG1-DB066.log","60.00:00:00","cdc-tp01.campus.ad.uvm.edu","\Default Offline Address Book","FALSE","True","TRUE","53760 MB","51200 MB","48640 MB","True","True","False","False","60.00:00:00","True","7.00:00:00","False","1GB","False","SecondDatacenter","60","40"
"DAG1-DB067","msx-mh01","C:\ExchangeDatabases\DAG1-DB067\DAG1-DB067.db\DAG1-DB067.edb","C:\ExchangeDatabases\DAG1-DB067\DAG1-DB067.log","60.00:00:00","cdc-mh01.campus.ad.uvm.edu","\Default Offline Address Book","FALSE","True","TRUE","53760 MB","51200 MB","48640 MB","True","True","False","False","60.00:00:00","True","7.00:00:00","False","1GB","False","SecondDatacenter","60","40"
"DAG1-DB068","msx-mh02","C:\ExchangeDatabases\DAG1-DB068\DAG1-DB068.db\DAG1-DB068.edb","C:\ExchangeDatabases\DAG1-DB068\DAG1-DB068.log","60.00:00:00","cdc-mh01.campus.ad.uvm.edu","\Default Offline Address Book","FALSE","True","TRUE","53760 MB","51200 MB","48640 MB","True","True","False","False","60.00:00:00","True","7.00:00:00","False","1GB","False","SecondDatacenter","60","40"
"DAG1-DB069","msx-mh03","C:\ExchangeDatabases\DAG1-DB069\DAG1-DB069.db\DAG1-DB069.edb","C:\ExchangeDatabases\DAG1-DB069\DAG1-DB069.log","60.00:00:00","cdc-mh01.campus.ad.uvm.edu","\Default Offline Address Book","FALSE","True","TRUE","53760 MB","51200 MB","48640 MB","True","True","False","False","60.00:00:00","True","7.00:00:00","False","1GB","False","SecondDatacenter","60","40"
"DAG1-DB070","msx-mh04","C:\ExchangeDatabases\DAG1-DB070\DAG1-DB070.db\DAG1-DB070.edb","C:\ExchangeDatabases\DAG1-DB070\DAG1-DB070.log","60.00:00:00","cdc-mh01.campus.ad.uvm.edu","\Default Offline Address Book","FALSE","True","TRUE","53760 MB","51200 MB","48640 MB","True","True","False","False","60.00:00:00","True","7.00:00:00","False","1GB","False","SecondDatacenter","60","40"
"DAG1-DB071","msx-mh05","C:\ExchangeDatabases\DAG1-DB071\DAG1-DB071.db\DAG1-DB071.edb","C:\ExchangeDatabases\DAG1-DB071\DAG1-DB071.log","60.00:00:00","cdc-mh01.campus.ad.uvm.edu","\Default Offline Address Book","FALSE","True","TRUE","53760 MB","51200 MB","48640 MB","True","True","False","False","60.00:00:00","True","7.00:00:00","False","1GB","False","SecondDatacenter","60","40"
"DAG1-DB072","msx-mh06","C:\ExchangeDatabases\DAG1-DB072\DAG1-DB072.db\DAG1-DB072.edb","C:\ExchangeDatabases\DAG1-DB072\DAG1-DB072.log","60.00:00:00","cdc-mh01.campus.ad.uvm.edu","\Default Offline Address Book","FALSE","True","TRUE","53760 MB","51200 MB","48640 MB","True","True","False","False","60.00:00:00","True","7.00:00:00","False","1GB","False","SecondDatacenter","60","40"
"DAG1-DB073","msx-tp01","C:\ExchangeDatabases\DAG1-DB073\DAG1-DB073.db\DAG1-DB073.edb","C:\ExchangeDatabases\DAG1-DB073\DAG1-DB073.log","60.00:00:00","cdc-tp01.campus.ad.uvm.edu","\Default Offline Address Book","FALSE","True","TRUE","53760 MB","51200 MB","48640 MB","True","True","False","False","60.00:00:00","True","7.00:00:00","False","1GB","False","SecondDatacenter","60","40"
"DAG1-DB074","msx-tp02","C:\ExchangeDatabases\DAG1-DB074\DAG1-DB074.db\DAG1-DB074.edb","C:\ExchangeDatabases\DAG1-DB074\DAG1-DB074.log","60.00:00:00","cdc-tp01.campus.ad.uvm.edu","\Default Offline Address Book","FALSE","True","TRUE","53760 MB","51200 MB","48640 MB","True","True","False","False","60.00:00:00","True","7.00:00:00","False","1GB","False","SecondDatacenter","60","40"
"DAG1-DB075","msx-tp03","C:\ExchangeDatabases\DAG1-DB075\DAG1-DB075.db\DAG1-DB075.edb","C:\ExchangeDatabases\DAG1-DB075\DAG1-DB075.log","60.00:00:00","cdc-tp01.campus.ad.uvm.edu","\Default Offline Address Book","FALSE","True","TRUE","53760 MB","51200 MB","48640 MB","True","True","False","False","60.00:00:00","True","7.00:00:00","False","1GB","False","SecondDatacenter","60","40"
"DAG1-DB076","msx-tp04","C:\ExchangeDatabases\DAG1-DB076\DAG1-DB076.db\DAG1-DB076.edb","C:\ExchangeDatabases\DAG1-DB076\DAG1-DB076.log","60.00:00:00","cdc-tp01.campus.ad.uvm.edu","\Default Offline Address Book","FALSE","True","TRUE","53760 MB","51200 MB","48640 MB","True","True","False","False","60.00:00:00","True","7.00:00:00","False","1GB","False","SecondDatacenter","60","40"
"DAG1-DB077","msx-tp05","C:\ExchangeDatabases\DAG1-DB077\DAG1-DB077.db\DAG1-DB077.edb","C:\ExchangeDatabases\DAG1-DB077\DAG1-DB077.log","60.00:00:00","cdc-tp01.campus.ad.uvm.edu","\Default Offline Address Book","FALSE","True","TRUE","53760 MB","51200 MB","48640 MB","True","True","False","False","60.00:00:00","True","7.00:00:00","False","1GB","False","SecondDatacenter","60","40"
"DAG1-DB078","msx-tp06","C:\ExchangeDatabases\DAG1-DB078\DAG1-DB078.db\DAG1-DB078.edb","C:\ExchangeDatabases\DAG1-DB078\DAG1-DB078.log","60.00:00:00","cdc-tp01.campus.ad.uvm.edu","\Default Offline Address Book","FALSE","True","TRUE","53760 MB","51200 MB","48640 MB","True","True","False","False","60.00:00:00","True","7.00:00:00","False","1GB","False","SecondDatacenter","60","40"
"DAG1-DB079","msx-mh01","C:\ExchangeDatabases\DAG1-DB079\DAG1-DB079.db\DAG1-DB079.edb","C:\ExchangeDatabases\DAG1-DB079\DAG1-DB079.log","60.00:00:00","cdc-mh01.campus.ad.uvm.edu","\Default Offline Address Book","FALSE","True","TRUE","53760 MB","51200 MB","48640 MB","True","True","False","False","60.00:00:00","True","7.00:00:00","False","1GB","False","SecondDatacenter","60","40"
"DAG1-DB080","msx-mh02","C:\ExchangeDatabases\DAG1-DB080\DAG1-DB080.db\DAG1-DB080.edb","C:\ExchangeDatabases\DAG1-DB080\DAG1-DB080.log","60.00:00:00","cdc-mh01.campus.ad.uvm.edu","\Default Offline Address Book","FALSE","True","TRUE","53760 MB","51200 MB","48640 MB","True","True","False","False","60.00:00:00","True","7.00:00:00","False","1GB","False","SecondDatacenter","60","40"
"DAG1-DB081","msx-mh03","C:\ExchangeDatabases\DAG1-DB081\DAG1-DB081.db\DAG1-DB081.edb","C:\ExchangeDatabases\DAG1-DB081\DAG1-DB081.log","60.00:00:00","cdc-mh01.campus.ad.uvm.edu","\Default Offline Address Book","FALSE","True","TRUE","53760 MB","51200 MB","48640 MB","True","True","False","False","60.00:00:00","True","7.00:00:00","False","1GB","False","SecondDatacenter","60","40"
"DAG1-DB082","msx-mh04","C:\ExchangeDatabases\DAG1-DB082\DAG1-DB082.db\DAG1-DB082.edb","C:\ExchangeDatabases\DAG1-DB082\DAG1-DB082.log","60.00:00:00","cdc-mh01.campus.ad.uvm.edu","\Default Offline Address Book","FALSE","True","TRUE","53760 MB","51200 MB","48640 MB","True","True","False","False","60.00:00:00","True","7.00:00:00","False","1GB","False","SecondDatacenter","60","40"
"DAG1-DB083","msx-mh05","C:\ExchangeDatabases\DAG1-DB083\DAG1-DB083.db\DAG1-DB083.edb","C:\ExchangeDatabases\DAG1-DB083\DAG1-DB083.log","60.00:00:00","cdc-mh01.campus.ad.uvm.edu","\Default Offline Address Book","FALSE","True","TRUE","53760 MB","51200 MB","48640 MB","True","True","False","False","60.00:00:00","True","7.00:00:00","False","1GB","False","SecondDatacenter","60","40"
"DAG1-DB084","msx-mh06","C:\ExchangeDatabases\DAG1-DB084\DAG1-DB084.db\DAG1-DB084.edb","C:\ExchangeDatabases\DAG1-DB084\DAG1-DB084.log","60.00:00:00","cdc-mh01.campus.ad.uvm.edu","\Default Offline Address Book","FALSE","True","TRUE","53760 MB","51200 MB","48640 MB","True","True","False","False","60.00:00:00","True","7.00:00:00","False","1GB","False","SecondDatacenter","60","40"
"DAG1-DB085","msx-tp01","C:\ExchangeDatabases\DAG1-DB085\DAG1-DB085.db\DAG1-DB085.edb","C:\ExchangeDatabases\DAG1-DB085\DAG1-DB085.log","60.00:00:00","cdc-tp01.campus.ad.uvm.edu","\Default Offline Address Book","FALSE","True","TRUE","53760 MB","51200 MB","48640 MB","True","True","False","False","60.00:00:00","True","7.00:00:00","False","1GB","False","SecondDatacenter","60","40"
"DAG1-DB086","msx-tp02","C:\ExchangeDatabases\DAG1-DB086\DAG1-DB086.db\DAG1-DB086.edb","C:\ExchangeDatabases\DAG1-DB086\DAG1-DB086.log","60.00:00:00","cdc-tp01.campus.ad.uvm.edu","\Default Offline Address Book","FALSE","True","TRUE","53760 MB","51200 MB","48640 MB","True","True","False","False","60.00:00:00","True","7.00:00:00","False","1GB","False","SecondDatacenter","60","40"
"DAG1-DB087","msx-tp03","C:\ExchangeDatabases\DAG1-DB087\DAG1-DB087.db\DAG1-DB087.edb","C:\ExchangeDatabases\DAG1-DB087\DAG1-DB087.log","60.00:00:00","cdc-tp01.campus.ad.uvm.edu","\Default Offline Address Book","FALSE","True","TRUE","53760 MB","51200 MB","48640 MB","True","True","False","False","60.00:00:00","True","7.00:00:00","False","1GB","False","SecondDatacenter","60","40"
"DAG1-DB088","msx-tp04","C:\ExchangeDatabases\DAG1-DB088\DAG1-DB088.db\DAG1-DB088.edb","C:\ExchangeDatabases\DAG1-DB088\DAG1-DB088.log","60.00:00:00","cdc-tp01.campus.ad.uvm.edu","\Default Offline Address Book","FALSE","True","TRUE","53760 MB","51200 MB","48640 MB","True","True","False","False","60.00:00:00","True","7.00:00:00","False","1GB","False","SecondDatacenter","60","40"
"DAG1-DB089","msx-tp05","C:\ExchangeDatabases\DAG1-DB089\DAG1-DB089.db\DAG1-DB089.edb","C:\ExchangeDatabases\DAG1-DB089\DAG1-DB089.log","60.00:00:00","cdc-tp01.campus.ad.uvm.edu","\Default Offline Address Book","FALSE","True","TRUE","53760 MB","51200 MB","48640 MB","True","True","False","False","60.00:00:00","True","7.00:00:00","False","1GB","False","SecondDatacenter","60","40"
"DAG1-DB090","msx-tp06","C:\ExchangeDatabases\DAG1-DB090\DAG1-DB090.db\DAG1-DB090.edb","C:\ExchangeDatabases\DAG1-DB090\DAG1-DB090.log","60.00:00:00","cdc-tp01.campus.ad.uvm.edu","\Default Offline Address Book","FALSE","True","TRUE","53760 MB","51200 MB","48640 MB","True","True","False","False","60.00:00:00","True","7.00:00:00","False","1GB","False","SecondDatacenter","60","40"
"DAG1-DB091","msx-mh01","C:\ExchangeDatabases\DAG1-DB091\DAG1-DB091.db\DAG1-DB091.edb","C:\ExchangeDatabases\DAG1-DB091\DAG1-DB091.log","60.00:00:00","cdc-mh01.campus.ad.uvm.edu","\Default Offline Address Book","FALSE","True","TRUE","53760 MB","51200 MB","48640 MB","True","True","False","False","60.00:00:00","True","7.00:00:00","False","1GB","False","SecondDatacenter","60","40"
"DAG1-DB092","msx-mh02","C:\ExchangeDatabases\DAG1-DB092\DAG1-DB092.db\DAG1-DB092.edb","C:\ExchangeDatabases\DAG1-DB092\DAG1-DB092.log","60.00:00:00","cdc-mh01.campus.ad.uvm.edu","\Default Offline Address Book","FALSE","True","TRUE","53760 MB","51200 MB","48640 MB","True","True","False","False","60.00:00:00","True","7.00:00:00","False","1GB","False","SecondDatacenter","60","40"
"DAG1-DB093","msx-mh03","C:\ExchangeDatabases\DAG1-DB093\DAG1-DB093.db\DAG1-DB093.edb","C:\ExchangeDatabases\DAG1-DB093\DAG1-DB093.log","60.00:00:00","cdc-mh01.campus.ad.uvm.edu","\Default Offline Address Book","FALSE","True","TRUE","53760 MB","51200 MB","48640 MB","True","True","False","False","60.00:00:00","True","7.00:00:00","False","1GB","False","SecondDatacenter","60","40"
"DAG1-DB094","msx-mh04","C:\ExchangeDatabases\DAG1-DB094\DAG1-DB094.db\DAG1-DB094.edb","C:\ExchangeDatabases\DAG1-DB094\DAG1-DB094.log","60.00:00:00","cdc-mh01.campus.ad.uvm.edu","\Default Offline Address Book","FALSE","True","TRUE","53760 MB","51200 MB","48640 MB","True","True","False","False","60.00:00:00","True","7.00:00:00","False","1GB","False","SecondDatacenter","60","40"
"DAG1-DB095","msx-mh05","C:\ExchangeDatabases\DAG1-DB095\DAG1-DB095.db\DAG1-DB095.edb","C:\ExchangeDatabases\DAG1-DB095\DAG1-DB095.log","60.00:00:00","cdc-mh01.campus.ad.uvm.edu","\Default Offline Address Book","FALSE","True","TRUE","53760 MB","51200 MB","48640 MB","True","True","False","False","60.00:00:00","True","7.00:00:00","False","1GB","False","SecondDatacenter","60","40"
"DAG1-DB096","msx-mh06","C:\ExchangeDatabases\DAG1-DB096\DAG1-DB096.db\DAG1-DB096.edb","C:\ExchangeDatabases\DAG1-DB096\DAG1-DB096.log","60.00:00:00","cdc-mh01.campus.ad.uvm.edu","\Default Offline Address Book","FALSE","True","TRUE","53760 MB","51200 MB","48640 MB","True","True","False","False","60.00:00:00","True","7.00:00:00","False","1GB","False","SecondDatacenter","60","40"
"DAG1-DB097","msx-tp01","C:\ExchangeDatabases\DAG1-DB097\DAG1-DB097.db\DAG1-DB097.edb","C:\ExchangeDatabases\DAG1-DB097\DAG1-DB097.log","60.00:00:00","cdc-tp01.campus.ad.uvm.edu","\Default Offline Address Book","FALSE","True","TRUE","53760 MB","51200 MB","48640 MB","True","True","False","False","60.00:00:00","True","7.00:00:00","False","1GB","False","SecondDatacenter","60","40"
"DAG1-DB098","msx-tp02","C:\ExchangeDatabases\DAG1-DB098\DAG1-DB098.db\DAG1-DB098.edb","C:\ExchangeDatabases\DAG1-DB098\DAG1-DB098.log","60.00:00:00","cdc-tp01.campus.ad.uvm.edu","\Default Offline Address Book","FALSE","True","TRUE","53760 MB","51200 MB","48640 MB","True","True","False","False","60.00:00:00","True","7.00:00:00","False","1GB","False","SecondDatacenter","60","40"
"DAG1-DB099","msx-tp03","C:\ExchangeDatabases\DAG1-DB099\DAG1-DB099.db\DAG1-DB099.edb","C:\ExchangeDatabases\DAG1-DB099\DAG1-DB099.log","60.00:00:00","cdc-tp01.campus.ad.uvm.edu","\Default Offline Address Book","FALSE","True","TRUE","53760 MB","51200 MB","48640 MB","True","True","False","False","60.00:00:00","True","7.00:00:00","False","1GB","False","SecondDatacenter","60","40"
"DAG1-DB100","msx-tp04","C:\ExchangeDatabases\DAG1-DB100\DAG1-DB100.db\DAG1-DB100.edb","C:\ExchangeDatabases\DAG1-DB100\DAG1-DB100.log","60.00:00:00","cdc-tp01.campus.ad.uvm.edu","\Default Offline Address Book","FALSE","True","TRUE","53760 MB","51200 MB","48640 MB","True","True","False","False","60.00:00:00","True","7.00:00:00","False","1GB","False","SecondDatacenter","60","40"
"DAG1-DB101","msx-tp05","C:\ExchangeDatabases\DAG1-DB101\DAG1-DB101.db\DAG1-DB101.edb","C:\ExchangeDatabases\DAG1-DB101\DAG1-DB101.log","60.00:00:00","cdc-tp01.campus.ad.uvm.edu","\Default Offline Address Book","FALSE","True","TRUE","53760 MB","51200 MB","48640 MB","True","True","False","False","60.00:00:00","True","7.00:00:00","False","1GB","False","SecondDatacenter","60","40"
"DAG1-DB102","msx-tp06","C:\ExchangeDatabases\DAG1-DB102\DAG1-DB102.db\DAG1-DB102.edb","C:\ExchangeDatabases\DAG1-DB102\DAG1-DB102.log","60.00:00:00","cdc-tp01.campus.ad.uvm.edu","\Default Offline Address Book","FALSE","True","TRUE","53760 MB","51200 MB","48640 MB","True","True","False","False","60.00:00:00","True","7.00:00:00","False","1GB","False","SecondDatacenter","60","40"
"DAG1-DB103","msx-mh01","C:\ExchangeDatabases\DAG1-DB103\DAG1-DB103.db\DAG1-DB103.edb","C:\ExchangeDatabases\DAG1-DB103\DAG1-DB103.log","60.00:00:00","cdc-mh01.campus.ad.uvm.edu","\Default Offline Address Book","FALSE","True","TRUE","53760 MB","51200 MB","48640 MB","True","True","False","False","60.00:00:00","True","7.00:00:00","False","1GB","False","SecondDatacenter","60","40"
"DAG1-DB104","msx-mh02","C:\ExchangeDatabases\DAG1-DB104\DAG1-DB104.db\DAG1-DB104.edb","C:\ExchangeDatabases\DAG1-DB104\DAG1-DB104.log","60.00:00:00","cdc-mh01.campus.ad.uvm.edu","\Default Offline Address Book","FALSE","True","TRUE","53760 MB","51200 MB","48640 MB","True","True","False","False","60.00:00:00","True","7.00:00:00","False","1GB","False","SecondDatacenter","60","40"
"DAG1-DB105","msx-mh03","C:\ExchangeDatabases\DAG1-DB105\DAG1-DB105.db\DAG1-DB105.edb","C:\ExchangeDatabases\DAG1-DB105\DAG1-DB105.log","60.00:00:00","cdc-mh01.campus.ad.uvm.edu","\Default Offline Address Book","FALSE","True","TRUE","53760 MB","51200 MB","48640 MB","True","True","False","False","60.00:00:00","True","7.00:00:00","False","1GB","False","SecondDatacenter","60","40"
"DAG1-DB106","msx-mh04","C:\ExchangeDatabases\DAG1-DB106\DAG1-DB106.db\DAG1-DB106.edb","C:\ExchangeDatabases\DAG1-DB106\DAG1-DB106.log","60.00:00:00","cdc-mh01.campus.ad.uvm.edu","\Default Offline Address Book","FALSE","True","TRUE","53760 MB","51200 MB","48640 MB","True","True","False","False","60.00:00:00","True","7.00:00:00","False","1GB","False","SecondDatacenter","60","40"
"DAG1-DB107","msx-mh05","C:\ExchangeDatabases\DAG1-DB107\DAG1-DB107.db\DAG1-DB107.edb","C:\ExchangeDatabases\DAG1-DB107\DAG1-DB107.log","60.00:00:00","cdc-mh01.campus.ad.uvm.edu","\Default Offline Address Book","FALSE","True","TRUE","53760 MB","51200 MB","48640 MB","True","True","False","False","60.00:00:00","True","7.00:00:00","False","1GB","False","SecondDatacenter","60","40"
"DAG1-DB108","msx-mh06","C:\ExchangeDatabases\DAG1-DB108\DAG1-DB108.db\DAG1-DB108.edb","C:\ExchangeDatabases\DAG1-DB108\DAG1-DB108.log","60.00:00:00","cdc-mh01.campus.ad.uvm.edu","\Default Offline Address Book","FALSE","True","TRUE","53760 MB","51200 MB","48640 MB","True","True","False","False","60.00:00:00","True","7.00:00:00","False","1GB","False","SecondDatacenter","60","40"
"DAG1-DB109","msx-tp01","C:\ExchangeDatabases\DAG1-DB109\DAG1-DB109.db\DAG1-DB109.edb","C:\ExchangeDatabases\DAG1-DB109\DAG1-DB109.log","60.00:00:00","cdc-tp01.campus.ad.uvm.edu","\Default Offline Address Book","FALSE","True","TRUE","53760 MB","51200 MB","48640 MB","True","True","False","False","60.00:00:00","True","7.00:00:00","False","1GB","False","SecondDatacenter","60","40"
"DAG1-DB110","msx-tp02","C:\ExchangeDatabases\DAG1-DB110\DAG1-DB110.db\DAG1-DB110.edb","C:\ExchangeDatabases\DAG1-DB110\DAG1-DB110.log","60.00:00:00","cdc-tp01.campus.ad.uvm.edu","\Default Offline Address Book","FALSE","True","TRUE","53760 MB","51200 MB","48640 MB","True","True","False","False","60.00:00:00","True","7.00:00:00","False","1GB","False","SecondDatacenter","60","40"
"DAG1-DB111","msx-tp03","C:\ExchangeDatabases\DAG1-DB111\DAG1-DB111.db\DAG1-DB111.edb","C:\ExchangeDatabases\DAG1-DB111\DAG1-DB111.log","60.00:00:00","cdc-tp01.campus.ad.uvm.edu","\Default Offline Address Book","FALSE","True","TRUE","53760 MB","51200 MB","48640 MB","True","True","False","False","60.00:00:00","True","7.00:00:00","False","1GB","False","SecondDatacenter","60","40"
"DAG1-DB112","msx-tp04","C:\ExchangeDatabases\DAG1-DB112\DAG1-DB112.db\DAG1-DB112.edb","C:\ExchangeDatabases\DAG1-DB112\DAG1-DB112.log","60.00:00:00","cdc-tp01.campus.ad.uvm.edu","\Default Offline Address Book","FALSE","True","TRUE","53760 MB","51200 MB","48640 MB","True","True","False","False","60.00:00:00","True","7.00:00:00","False","1GB","False","SecondDatacenter","60","40"
"DAG1-DB113","msx-tp05","C:\ExchangeDatabases\DAG1-DB113\DAG1-DB113.db\DAG1-DB113.edb","C:\ExchangeDatabases\DAG1-DB113\DAG1-DB113.log","60.00:00:00","cdc-tp01.campus.ad.uvm.edu","\Default Offline Address Book","FALSE","True","TRUE","53760 MB","51200 MB","48640 MB","True","True","False","False","60.00:00:00","True","7.00:00:00","False","1GB","False","SecondDatacenter","60","40"
"DAG1-DB114","msx-tp06","C:\ExchangeDatabases\DAG1-DB114\DAG1-DB114.db\DAG1-DB114.edb","C:\ExchangeDatabases\DAG1-DB114\DAG1-DB114.log","60.00:00:00","cdc-tp01.campus.ad.uvm.edu","\Default Offline Address Book","FALSE","True","TRUE","53760 MB","51200 MB","48640 MB","True","True","False","False","60.00:00:00","True","7.00:00:00","False","1GB","False","SecondDatacenter","60","40"
"DAG1-DB115","msx-mh01","C:\ExchangeDatabases\DAG1-DB115\DAG1-DB115.db\DAG1-DB115.edb","C:\ExchangeDatabases\DAG1-DB115\DAG1-DB115.log","60.00:00:00","cdc-mh01.campus.ad.uvm.edu","\Default Offline Address Book","FALSE","True","TRUE","53760 MB","51200 MB","48640 MB","True","True","False","False","60.00:00:00","True","7.00:00:00","False","1GB","False","SecondDatacenter","60","40"
"DAG1-DB116","msx-mh02","C:\ExchangeDatabases\DAG1-DB116\DAG1-DB116.db\DAG1-DB116.edb","C:\ExchangeDatabases\DAG1-DB116\DAG1-DB116.log","60.00:00:00","cdc-mh01.campus.ad.uvm.edu","\Default Offline Address Book","FALSE","True","TRUE","53760 MB","51200 MB","48640 MB","True","True","False","False","60.00:00:00","True","7.00:00:00","False","1GB","False","SecondDatacenter","60","40"
"DAG1-DB117","msx-mh03","C:\ExchangeDatabases\DAG1-DB117\DAG1-DB117.db\DAG1-DB117.edb","C:\ExchangeDatabases\DAG1-DB117\DAG1-DB117.log","60.00:00:00","cdc-mh01.campus.ad.uvm.edu","\Default Offline Address Book","FALSE","True","TRUE","53760 MB","51200 MB","48640 MB","True","True","False","False","60.00:00:00","True","7.00:00:00","False","1GB","False","SecondDatacenter","60","40"
"DAG1-DB118","msx-mh04","C:\ExchangeDatabases\DAG1-DB118\DAG1-DB118.db\DAG1-DB118.edb","C:\ExchangeDatabases\DAG1-DB118\DAG1-DB118.log","60.00:00:00","cdc-mh01.campus.ad.uvm.edu","\Default Offline Address Book","FALSE","True","TRUE","53760 MB","51200 MB","48640 MB","True","True","False","False","60.00:00:00","True","7.00:00:00","False","1GB","False","SecondDatacenter","60","40"
"DAG1-DB119","msx-mh05","C:\ExchangeDatabases\DAG1-DB119\DAG1-DB119.db\DAG1-DB119.edb","C:\ExchangeDatabases\DAG1-DB119\DAG1-DB119.log","60.00:00:00","cdc-mh01.campus.ad.uvm.edu","\Default Offline Address Book","FALSE","True","TRUE","53760 MB","51200 MB","48640 MB","True","True","False","False","60.00:00:00","True","7.00:00:00","False","1GB","False","SecondDatacenter","60","40"
"DAG1-DB120","msx-mh06","C:\ExchangeDatabases\DAG1-DB120\DAG1-DB120.db\DAG1-DB120.edb","C:\ExchangeDatabases\DAG1-DB120\DAG1-DB120.log","60.00:00:00","cdc-mh01.campus.ad.uvm.edu","\Default Offline Address Book","FALSE","True","TRUE","53760 MB","51200 MB","48640 MB","True","True","False","False","60.00:00:00","True","7.00:00:00","False","1GB","False","SecondDatacenter","60","40"
"DAG1-DB121","msx-tp01","C:\ExchangeDatabases\DAG1-DB121\DAG1-DB121.db\DAG1-DB121.edb","C:\ExchangeDatabases\DAG1-DB121\DAG1-DB121.log","60.00:00:00","cdc-tp01.campus.ad.uvm.edu","\Default Offline Address Book","FALSE","True","TRUE","53760 MB","51200 MB","48640 MB","True","True","False","False","60.00:00:00","True","7.00:00:00","False","1GB","False","SecondDatacenter","60","40"
"DAG1-DB122","msx-tp02","C:\ExchangeDatabases\DAG1-DB122\DAG1-DB122.db\DAG1-DB122.edb","C:\ExchangeDatabases\DAG1-DB122\DAG1-DB122.log","60.00:00:00","cdc-tp01.campus.ad.uvm.edu","\Default Offline Address Book","FALSE","True","TRUE","53760 MB","51200 MB","48640 MB","True","True","False","False","60.00:00:00","True","7.00:00:00","False","1GB","False","SecondDatacenter","60","40"
"DAG1-DB123","msx-tp03","C:\ExchangeDatabases\DAG1-DB123\DAG1-DB123.db\DAG1-DB123.edb","C:\ExchangeDatabases\DAG1-DB123\DAG1-DB123.log","60.00:00:00","cdc-tp01.campus.ad.uvm.edu","\Default Offline Address Book","FALSE","True","TRUE","53760 MB","51200 MB","48640 MB","True","True","False","False","60.00:00:00","True","7.00:00:00","False","1GB","False","SecondDatacenter","60","40"
"DAG1-DB124","msx-tp04","C:\ExchangeDatabases\DAG1-DB124\DAG1-DB124.db\DAG1-DB124.edb","C:\ExchangeDatabases\DAG1-DB124\DAG1-DB124.log","60.00:00:00","cdc-tp01.campus.ad.uvm.edu","\Default Offline Address Book","FALSE","True","TRUE","53760 MB","51200 MB","48640 MB","True","True","False","False","60.00:00:00","True","7.00:00:00","False","1GB","False","SecondDatacenter","60","40"
"DAG1-DB125","msx-tp05","C:\ExchangeDatabases\DAG1-DB125\DAG1-DB125.db\DAG1-DB125.edb","C:\ExchangeDatabases\DAG1-DB125\DAG1-DB125.log","60.00:00:00","cdc-tp01.campus.ad.uvm.edu","\Default Offline Address Book","FALSE","True","TRUE","53760 MB","51200 MB","48640 MB","True","True","False","False","60.00:00:00","True","7.00:00:00","False","1GB","False","SecondDatacenter","60","40"
"DAG1-DB126","msx-tp06","C:\ExchangeDatabases\DAG1-DB126\DAG1-DB126.db\DAG1-DB126.edb","C:\ExchangeDatabases\DAG1-DB126\DAG1-DB126.log","60.00:00:00","cdc-tp01.campus.ad.uvm.edu","\Default Offline Address Book","FALSE","True","TRUE","53760 MB","51200 MB","48640 MB","True","True","False","False","60.00:00:00","True","7.00:00:00","False","1GB","False","SecondDatacenter","60","40"
"DAG1-DB127","msx-mh01","C:\ExchangeDatabases\DAG1-DB127\DAG1-DB127.db\DAG1-DB127.edb","C:\ExchangeDatabases\DAG1-DB127\DAG1-DB127.log","60.00:00:00","cdc-mh01.campus.ad.uvm.edu","\Default Offline Address Book","FALSE","True","TRUE","53760 MB","51200 MB","48640 MB","True","True","False","False","60.00:00:00","True","7.00:00:00","False","1GB","False","SecondDatacenter","60","40"
"DAG1-DB128","msx-mh02","C:\ExchangeDatabases\DAG1-DB128\DAG1-DB128.db\DAG1-DB128.edb","C:\ExchangeDatabases\DAG1-DB128\DAG1-DB128.log","60.00:00:00","cdc-mh01.campus.ad.uvm.edu","\Default Offline Address Book","FALSE","True","TRUE","53760 MB","51200 MB","48640 MB","True","True","False","False","60.00:00:00","True","7.00:00:00","False","1GB","False","SecondDatacenter","60","40"
"DAG1-DB129","msx-mh03","C:\ExchangeDatabases\DAG1-DB129\DAG1-DB129.db\DAG1-DB129.edb","C:\ExchangeDatabases\DAG1-DB129\DAG1-DB129.log","60.00:00:00","cdc-mh01.campus.ad.uvm.edu","\Default Offline Address Book","FALSE","True","TRUE","53760 MB","51200 MB","48640 MB","True","True","False","False","60.00:00:00","True","7.00:00:00","False","1GB","False","SecondDatacenter","60","40"
"DAG1-DB130","msx-mh04","C:\ExchangeDatabases\DAG1-DB130\DAG1-DB130.db\DAG1-DB130.edb","C:\ExchangeDatabases\DAG1-DB130\DAG1-DB130.log","60.00:00:00","cdc-mh01.campus.ad.uvm.edu","\Default Offline Address Book","FALSE","True","TRUE","53760 MB","51200 MB","48640 MB","True","True","False","False","60.00:00:00","True","7.00:00:00","False","1GB","False","SecondDatacenter","60","40"
"DAG1-DB131","msx-mh05","C:\ExchangeDatabases\DAG1-DB131\DAG1-DB131.db\DAG1-DB131.edb","C:\ExchangeDatabases\DAG1-DB131\DAG1-DB131.log","60.00:00:00","cdc-mh01.campus.ad.uvm.edu","\Default Offline Address Book","FALSE","True","TRUE","53760 MB","51200 MB","48640 MB","True","True","False","False","60.00:00:00","True","7.00:00:00","False","1GB","False","SecondDatacenter","60","40"
"DAG1-DB132","msx-mh06","C:\ExchangeDatabases\DAG1-DB132\DAG1-DB132.db\DAG1-DB132.edb","C:\ExchangeDatabases\DAG1-DB132\DAG1-DB132.log","60.00:00:00","cdc-mh01.campus.ad.uvm.edu","\Default Offline Address Book","FALSE","True","TRUE","53760 MB","51200 MB","48640 MB","True","True","False","False","60.00:00:00","True","7.00:00:00","False","1GB","False","SecondDatacenter","60","40"
"DAG1-DB133","msx-tp01","C:\ExchangeDatabases\DAG1-DB133\DAG1-DB133.db\DAG1-DB133.edb","C:\ExchangeDatabases\DAG1-DB133\DAG1-DB133.log","60.00:00:00","cdc-tp01.campus.ad.uvm.edu","\Default Offline Address Book","FALSE","True","TRUE","53760 MB","51200 MB","48640 MB","True","True","False","False","60.00:00:00","True","7.00:00:00","False","1GB","False","SecondDatacenter","60","40"
"DAG1-DB134","msx-tp02","C:\ExchangeDatabases\DAG1-DB134\DAG1-DB134.db\DAG1-DB134.edb","C:\ExchangeDatabases\DAG1-DB134\DAG1-DB134.log","60.00:00:00","cdc-tp01.campus.ad.uvm.edu","\Default Offline Address Book","FALSE","True","TRUE","53760 MB","51200 MB","48640 MB","True","True","False","False","60.00:00:00","True","7.00:00:00","False","1GB","False","SecondDatacenter","60","40"
"DAG1-DB135","msx-tp03","C:\ExchangeDatabases\DAG1-DB135\DAG1-DB135.db\DAG1-DB135.edb","C:\ExchangeDatabases\DAG1-DB135\DAG1-DB135.log","60.00:00:00","cdc-tp01.campus.ad.uvm.edu","\Default Offline Address Book","FALSE","True","TRUE","53760 MB","51200 MB","48640 MB","True","True","False","False","60.00:00:00","True","7.00:00:00","False","1GB","False","SecondDatacenter","60","40"
"DAG1-DB136","msx-tp04","C:\ExchangeDatabases\DAG1-DB136\DAG1-DB136.db\DAG1-DB136.edb","C:\ExchangeDatabases\DAG1-DB136\DAG1-DB136.log","60.00:00:00","cdc-tp01.campus.ad.uvm.edu","\Default Offline Address Book","FALSE","True","TRUE","53760 MB","51200 MB","48640 MB","True","True","False","False","60.00:00:00","True","7.00:00:00","False","1GB","False","SecondDatacenter","60","40"
"DAG1-DB137","msx-tp05","C:\ExchangeDatabases\DAG1-DB137\DAG1-DB137.db\DAG1-DB137.edb","C:\ExchangeDatabases\DAG1-DB137\DAG1-DB137.log","60.00:00:00","cdc-tp01.campus.ad.uvm.edu","\Default Offline Address Book","FALSE","True","TRUE","53760 MB","51200 MB","48640 MB","True","True","False","False","60.00:00:00","True","7.00:00:00","False","1GB","False","SecondDatacenter","60","40"
"DAG1-DB138","msx-tp06","C:\ExchangeDatabases\DAG1-DB138\DAG1-DB138.db\DAG1-DB138.edb","C:\ExchangeDatabases\DAG1-DB138\DAG1-DB138.log","60.00:00:00","cdc-tp01.campus.ad.uvm.edu","\Default Offline Address Book","FALSE","True","TRUE","53760 MB","51200 MB","48640 MB","True","True","False","False","60.00:00:00","True","7.00:00:00","False","1GB","False","SecondDatacenter","60","40"
"DAG1-DB139","msx-mh01","C:\ExchangeDatabases\DAG1-DB139\DAG1-DB139.db\DAG1-DB139.edb","C:\ExchangeDatabases\DAG1-DB139\DAG1-DB139.log","60.00:00:00","cdc-mh01.campus.ad.uvm.edu","\Default Offline Address Book","FALSE","True","TRUE","53760 MB","51200 MB","48640 MB","True","True","False","False","60.00:00:00","True","7.00:00:00","False","1GB","False","SecondDatacenter","60","40"
"DAG1-DB140","msx-mh02","C:\ExchangeDatabases\DAG1-DB140\DAG1-DB140.db\DAG1-DB140.edb","C:\ExchangeDatabases\DAG1-DB140\DAG1-DB140.log","60.00:00:00","cdc-mh01.campus.ad.uvm.edu","\Default Offline Address Book","FALSE","True","TRUE","53760 MB","51200 MB","48640 MB","True","True","False","False","60.00:00:00","True","7.00:00:00","False","1GB","False","SecondDatacenter","60","40"
"DAG1-DB141","msx-mh03","C:\ExchangeDatabases\DAG1-DB141\DAG1-DB141.db\DAG1-DB141.edb","C:\ExchangeDatabases\DAG1-DB141\DAG1-DB141.log","60.00:00:00","cdc-mh01.campus.ad.uvm.edu","\Default Offline Address Book","FALSE","True","TRUE","53760 MB","51200 MB","48640 MB","True","True","False","False","60.00:00:00","True","7.00:00:00","False","1GB","False","SecondDatacenter","60","40"
"DAG1-DB142","msx-mh04","C:\ExchangeDatabases\DAG1-DB142\DAG1-DB142.db\DAG1-DB142.edb","C:\ExchangeDatabases\DAG1-DB142\DAG1-DB142.log","60.00:00:00","cdc-mh01.campus.ad.uvm.edu","\Default Offline Address Book","FALSE","True","TRUE","53760 MB","51200 MB","48640 MB","True","True","False","False","60.00:00:00","True","7.00:00:00","False","1GB","False","SecondDatacenter","60","40"
"DAG1-DB143","msx-mh05","C:\ExchangeDatabases\DAG1-DB143\DAG1-DB143.db\DAG1-DB143.edb","C:\ExchangeDatabases\DAG1-DB143\DAG1-DB143.log","60.00:00:00","cdc-mh01.campus.ad.uvm.edu","\Default Offline Address Book","FALSE","True","TRUE","53760 MB","51200 MB","48640 MB","True","True","False","False","60.00:00:00","True","7.00:00:00","False","1GB","False","SecondDatacenter","60","40"
"DAG1-DB144","msx-mh06","C:\ExchangeDatabases\DAG1-DB144\DAG1-DB144.db\DAG1-DB144.edb","C:\ExchangeDatabases\DAG1-DB144\DAG1-DB144.log","60.00:00:00","cdc-mh01.campus.ad.uvm.edu","\Default Offline Address Book","FALSE","True","TRUE","53760 MB","51200 MB","48640 MB","True","True","False","False","60.00:00:00","True","7.00:00:00","False","1GB","False","SecondDatacenter","60","40"
"DAG1-DB145","msx-tp01","C:\ExchangeDatabases\DAG1-DB145\DAG1-DB145.db\DAG1-DB145.edb","C:\ExchangeDatabases\DAG1-DB145\DAG1-DB145.log","60.00:00:00","cdc-tp01.campus.ad.uvm.edu","\Default Offline Address Book","FALSE","True","TRUE","53760 MB","51200 MB","48640 MB","True","True","False","False","60.00:00:00","True","7.00:00:00","False","1GB","False","SecondDatacenter","60","40"
"DAG1-DB146","msx-tp02","C:\ExchangeDatabases\DAG1-DB146\DAG1-DB146.db\DAG1-DB146.edb","C:\ExchangeDatabases\DAG1-DB146\DAG1-DB146.log","60.00:00:00","cdc-tp01.campus.ad.uvm.edu","\Default Offline Address Book","FALSE","True","TRUE","53760 MB","51200 MB","48640 MB","True","True","False","False","60.00:00:00","True","7.00:00:00","False","1GB","False","SecondDatacenter","60","40"
"DAG1-DB147","msx-tp03","C:\ExchangeDatabases\DAG1-DB147\DAG1-DB147.db\DAG1-DB147.edb","C:\ExchangeDatabases\DAG1-DB147\DAG1-DB147.log","60.00:00:00","cdc-tp01.campus.ad.uvm.edu","\Default Offline Address Book","FALSE","True","TRUE","53760 MB","51200 MB","48640 MB","True","True","False","False","60.00:00:00","True","7.00:00:00","False","1GB","False","SecondDatacenter","60","40"
"DAG1-DB148","msx-tp04","C:\ExchangeDatabases\DAG1-DB148\DAG1-DB148.db\DAG1-DB148.edb","C:\ExchangeDatabases\DAG1-DB148\DAG1-DB148.log","60.00:00:00","cdc-tp01.campus.ad.uvm.edu","\Default Offline Address Book","FALSE","True","TRUE","53760 MB","51200 MB","48640 MB","True","True","False","False","60.00:00:00","True","7.00:00:00","False","1GB","False","SecondDatacenter","60","40"
"DAG1-DB149","msx-tp05","C:\ExchangeDatabases\DAG1-DB149\DAG1-DB149.db\DAG1-DB149.edb","C:\ExchangeDatabases\DAG1-DB149\DAG1-DB149.log","60.00:00:00","cdc-tp01.campus.ad.uvm.edu","\Default Offline Address Book","FALSE","True","TRUE","53760 MB","51200 MB","48640 MB","True","True","False","False","60.00:00:00","True","7.00:00:00","False","1GB","False","SecondDatacenter","60","40"
"DAG1-DB150","msx-tp06","C:\ExchangeDatabases\DAG1-DB150\DAG1-DB150.db\DAG1-DB150.edb","C:\ExchangeDatabases\DAG1-DB150\DAG1-DB150.log","60.00:00:00","cdc-tp01.campus.ad.uvm.edu","\Default Offline Address Book","FALSE","True","TRUE","53760 MB","51200 MB","48640 MB","True","True","False","False","60.00:00:00","True","7.00:00:00","False","1GB","False","SecondDatacenter","60","40"
"DAG1-DB151","msx-mh01","C:\ExchangeDatabases\DAG1-DB151\DAG1-DB151.db\DAG1-DB151.edb","C:\ExchangeDatabases\DAG1-DB151\DAG1-DB151.log","60.00:00:00","cdc-mh01.campus.ad.uvm.edu","\Default Offline Address Book","FALSE","True","TRUE","53760 MB","51200 MB","48640 MB","True","True","False","False","60.00:00:00","True","7.00:00:00","False","1GB","False","SecondDatacenter","60","40"
"DAG1-DB152","msx-mh02","C:\ExchangeDatabases\DAG1-DB152\DAG1-DB152.db\DAG1-DB152.edb","C:\ExchangeDatabases\DAG1-DB152\DAG1-DB152.log","60.00:00:00","cdc-mh01.campus.ad.uvm.edu","\Default Offline Address Book","FALSE","True","TRUE","53760 MB","51200 MB","48640 MB","True","True","False","False","60.00:00:00","True","7.00:00:00","False","1GB","False","SecondDatacenter","60","40"
"DAG1-DB153","msx-mh03","C:\ExchangeDatabases\DAG1-DB153\DAG1-DB153.db\DAG1-DB153.edb","C:\ExchangeDatabases\DAG1-DB153\DAG1-DB153.log","60.00:00:00","cdc-mh01.campus.ad.uvm.edu","\Default Offline Address Book","FALSE","True","TRUE","53760 MB","51200 MB","48640 MB","True","True","False","False","60.00:00:00","True","7.00:00:00","False","1GB","False","SecondDatacenter","60","40"
"DAG1-DB154","msx-mh04","C:\ExchangeDatabases\DAG1-DB154\DAG1-DB154.db\DAG1-DB154.edb","C:\ExchangeDatabases\DAG1-DB154\DAG1-DB154.log","60.00:00:00","cdc-mh01.campus.ad.uvm.edu","\Default Offline Address Book","FALSE","True","TRUE","53760 MB","51200 MB","48640 MB","True","True","False","False","60.00:00:00","True","7.00:00:00","False","1GB","False","SecondDatacenter","60","40"
"DAG1-DB155","msx-mh05","C:\ExchangeDatabases\DAG1-DB155\DAG1-DB155.db\DAG1-DB155.edb","C:\ExchangeDatabases\DAG1-DB155\DAG1-DB155.log","60.00:00:00","cdc-mh01.campus.ad.uvm.edu","\Default Offline Address Book","FALSE","True","TRUE","53760 MB","51200 MB","48640 MB","True","True","False","False","60.00:00:00","True","7.00:00:00","False","1GB","False","SecondDatacenter","60","40"
"DAG1-DB156","msx-mh06","C:\ExchangeDatabases\DAG1-DB156\DAG1-DB156.db\DAG1-DB156.edb","C:\ExchangeDatabases\DAG1-DB156\DAG1-DB156.log","60.00:00:00","cdc-mh01.campus.ad.uvm.edu","\Default Offline Address Book","FALSE","True","TRUE","53760 MB","51200 MB","48640 MB","True","True","False","False","60.00:00:00","True","7.00:00:00","False","1GB","False","SecondDatacenter","60","40"
"DAG1-DB157","msx-tp01","C:\ExchangeDatabases\DAG1-DB157\DAG1-DB157.db\DAG1-DB157.edb","C:\ExchangeDatabases\DAG1-DB157\DAG1-DB157.log","60.00:00:00","cdc-tp01.campus.ad.uvm.edu","\Default Offline Address Book","FALSE","True","TRUE","53760 MB","51200 MB","48640 MB","True","True","False","False","60.00:00:00","True","7.00:00:00","False","1GB","False","SecondDatacenter","60","40"
"DAG1-DB158","msx-tp02","C:\ExchangeDatabases\DAG1-DB158\DAG1-DB158.db\DAG1-DB158.edb","C:\ExchangeDatabases\DAG1-DB158\DAG1-DB158.log","60.00:00:00","cdc-tp01.campus.ad.uvm.edu","\Default Offline Address Book","FALSE","True","TRUE","53760 MB","51200 MB","48640 MB","True","True","False","False","60.00:00:00","True","7.00:00:00","False","1GB","False","SecondDatacenter","60","40"
"DAG1-DB159","msx-tp03","C:\ExchangeDatabases\DAG1-DB159\DAG1-DB159.db\DAG1-DB159.edb","C:\ExchangeDatabases\DAG1-DB159\DAG1-DB159.log","60.00:00:00","cdc-tp01.campus.ad.uvm.edu","\Default Offline Address Book","FALSE","True","TRUE","53760 MB","51200 MB","48640 MB","True","True","False","False","60.00:00:00","True","7.00:00:00","False","1GB","False","SecondDatacenter","60","40"
"DAG1-DB160","msx-tp04","C:\ExchangeDatabases\DAG1-DB160\DAG1-DB160.db\DAG1-DB160.edb","C:\ExchangeDatabases\DAG1-DB160\DAG1-DB160.log","60.00:00:00","cdc-tp01.campus.ad.uvm.edu","\Default Offline Address Book","FALSE","True","TRUE","53760 MB","51200 MB","48640 MB","True","True","False","False","60.00:00:00","True","7.00:00:00","False","1GB","False","SecondDatacenter","60","40"
"DAG1-DB161","msx-tp05","C:\ExchangeDatabases\DAG1-DB161\DAG1-DB161.db\DAG1-DB161.edb","C:\ExchangeDatabases\DAG1-DB161\DAG1-DB161.log","60.00:00:00","cdc-tp01.campus.ad.uvm.edu","\Default Offline Address Book","FALSE","True","TRUE","53760 MB","51200 MB","48640 MB","True","True","False","False","60.00:00:00","True","7.00:00:00","False","1GB","False","SecondDatacenter","60","40"
"DAG1-DB162","msx-tp06","C:\ExchangeDatabases\DAG1-DB162\DAG1-DB162.db\DAG1-DB162.edb","C:\ExchangeDatabases\DAG1-DB162\DAG1-DB162.log","60.00:00:00","cdc-tp01.campus.ad.uvm.edu","\Default Offline Address Book","FALSE","True","TRUE","53760 MB","51200 MB","48640 MB","True","True","False","False","60.00:00:00","True","7.00:00:00","False","1GB","False","SecondDatacenter","60","40"
"DAG1-DB163","msx-mh01","C:\ExchangeDatabases\DAG1-DB163\DAG1-DB163.db\DAG1-DB163.edb","C:\ExchangeDatabases\DAG1-DB163\DAG1-DB163.log","60.00:00:00","cdc-mh01.campus.ad.uvm.edu","\Default Offline Address Book","FALSE","True","TRUE","53760 MB","51200 MB","48640 MB","True","True","False","False","60.00:00:00","True","7.00:00:00","False","1GB","False","SecondDatacenter","60","40"
"DAG1-DB164","msx-mh02","C:\ExchangeDatabases\DAG1-DB164\DAG1-DB164.db\DAG1-DB164.edb","C:\ExchangeDatabases\DAG1-DB164\DAG1-DB164.log","60.00:00:00","cdc-mh01.campus.ad.uvm.edu","\Default Offline Address Book","FALSE","True","TRUE","53760 MB","51200 MB","48640 MB","True","True","False","False","60.00:00:00","True","7.00:00:00","False","1GB","False","SecondDatacenter","60","40"
"DAG1-DB165","msx-mh03","C:\ExchangeDatabases\DAG1-DB165\DAG1-DB165.db\DAG1-DB165.edb","C:\ExchangeDatabases\DAG1-DB165\DAG1-DB165.log","60.00:00:00","cdc-mh01.campus.ad.uvm.edu","\Default Offline Address Book","FALSE","True","TRUE","53760 MB","51200 MB","48640 MB","True","True","False","False","60.00:00:00","True","7.00:00:00","False","1GB","False","SecondDatacenter","60","40"
"DAG1-DB166","msx-mh04","C:\ExchangeDatabases\DAG1-DB166\DAG1-DB166.db\DAG1-DB166.edb","C:\ExchangeDatabases\DAG1-DB166\DAG1-DB166.log","60.00:00:00","cdc-mh01.campus.ad.uvm.edu","\Default Offline Address Book","FALSE","True","TRUE","53760 MB","51200 MB","48640 MB","True","True","False","False","60.00:00:00","True","7.00:00:00","False","1GB","False","SecondDatacenter","60","40"
"DAG1-DB167","msx-mh05","C:\ExchangeDatabases\DAG1-DB167\DAG1-DB167.db\DAG1-DB167.edb","C:\ExchangeDatabases\DAG1-DB167\DAG1-DB167.log","60.00:00:00","cdc-mh01.campus.ad.uvm.edu","\Default Offline Address Book","FALSE","True","TRUE","53760 MB","51200 MB","48640 MB","True","True","False","False","60.00:00:00","True","7.00:00:00","False","1GB","False","SecondDatacenter","60","40"
"DAG1-DB168","msx-mh06","C:\ExchangeDatabases\DAG1-DB168\DAG1-DB168.db\DAG1-DB168.edb","C:\ExchangeDatabases\DAG1-DB168\DAG1-DB168.log","60.00:00:00","cdc-mh01.campus.ad.uvm.edu","\Default Offline Address Book","FALSE","True","TRUE","53760 MB","51200 MB","48640 MB","True","True","False","False","60.00:00:00","True","7.00:00:00","False","1GB","False","SecondDatacenter","60","40"
"DAG1-DB169","msx-tp01","C:\ExchangeDatabases\DAG1-DB169\DAG1-DB169.db\DAG1-DB169.edb","C:\ExchangeDatabases\DAG1-DB169\DAG1-DB169.log","60.00:00:00","cdc-tp01.campus.ad.uvm.edu","\Default Offline Address Book","FALSE","True","TRUE","53760 MB","51200 MB","48640 MB","True","True","False","False","60.00:00:00","True","7.00:00:00","False","1GB","False","SecondDatacenter","60","40"
"DAG1-DB170","msx-tp02","C:\ExchangeDatabases\DAG1-DB170\DAG1-DB170.db\DAG1-DB170.edb","C:\ExchangeDatabases\DAG1-DB170\DAG1-DB170.log","60.00:00:00","cdc-tp01.campus.ad.uvm.edu","\Default Offline Address Book","FALSE","True","TRUE","53760 MB","51200 MB","48640 MB","True","True","False","False","60.00:00:00","True","7.00:00:00","False","1GB","False","SecondDatacenter","60","40"
"DAG1-DB171","msx-tp03","C:\ExchangeDatabases\DAG1-DB171\DAG1-DB171.db\DAG1-DB171.edb","C:\ExchangeDatabases\DAG1-DB171\DAG1-DB171.log","60.00:00:00","cdc-tp01.campus.ad.uvm.edu","\Default Offline Address Book","FALSE","True","TRUE","53760 MB","51200 MB","48640 MB","True","True","False","False","60.00:00:00","True","7.00:00:00","False","1GB","False","SecondDatacenter","60","40"
"DAG1-DB172","msx-tp04","C:\ExchangeDatabases\DAG1-DB172\DAG1-DB172.db\DAG1-DB172.edb","C:\ExchangeDatabases\DAG1-DB172\DAG1-DB172.log","60.00:00:00","cdc-tp01.campus.ad.uvm.edu","\Default Offline Address Book","FALSE","True","TRUE","53760 MB","51200 MB","48640 MB","True","True","False","False","60.00:00:00","True","7.00:00:00","False","1GB","False","SecondDatacenter","60","40"
"DAG1-DB173","msx-tp05","C:\ExchangeDatabases\DAG1-DB173\DAG1-DB173.db\DAG1-DB173.edb","C:\ExchangeDatabases\DAG1-DB173\DAG1-DB173.log","60.00:00:00","cdc-tp01.campus.ad.uvm.edu","\Default Offline Address Book","FALSE","True","TRUE","53760 MB","51200 MB","48640 MB","True","True","False","False","60.00:00:00","True","7.00:00:00","False","1GB","False","SecondDatacenter","60","40"
"DAG1-DB174","msx-tp06","C:\ExchangeDatabases\DAG1-DB174\DAG1-DB174.db\DAG1-DB174.edb","C:\ExchangeDatabases\DAG1-DB174\DAG1-DB174.log","60.00:00:00","cdc-tp01.campus.ad.uvm.edu","\Default Offline Address Book","FALSE","True","TRUE","53760 MB","51200 MB","48640 MB","True","True","False","False","60.00:00:00","True","7.00:00:00","False","1GB","False","SecondDatacenter","60","40"
"DAG1-DB175","msx-mh01","C:\ExchangeDatabases\DAG1-DB175\DAG1-DB175.db\DAG1-DB175.edb","C:\ExchangeDatabases\DAG1-DB175\DAG1-DB175.log","60.00:00:00","cdc-mh01.campus.ad.uvm.edu","\Default Offline Address Book","FALSE","True","TRUE","53760 MB","51200 MB","48640 MB","True","True","False","False","60.00:00:00","True","7.00:00:00","False","1GB","False","SecondDatacenter","60","40"
"DAG1-DB176","msx-mh02","C:\ExchangeDatabases\DAG1-DB176\DAG1-DB176.db\DAG1-DB176.edb","C:\ExchangeDatabases\DAG1-DB176\DAG1-DB176.log","60.00:00:00","cdc-mh01.campus.ad.uvm.edu","\Default Offline Address Book","FALSE","True","TRUE","53760 MB","51200 MB","48640 MB","True","True","False","False","60.00:00:00","True","7.00:00:00","False","1GB","False","SecondDatacenter","60","40"
"DAG1-DB177","msx-mh03","C:\ExchangeDatabases\DAG1-DB177\DAG1-DB177.db\DAG1-DB177.edb","C:\ExchangeDatabases\DAG1-DB177\DAG1-DB177.log","60.00:00:00","cdc-mh01.campus.ad.uvm.edu","\Default Offline Address Book","FALSE","True","TRUE","53760 MB","51200 MB","48640 MB","True","True","False","False","60.00:00:00","True","7.00:00:00","False","1GB","False","SecondDatacenter","60","40"
"DAG1-DB178","msx-mh04","C:\ExchangeDatabases\DAG1-DB178\DAG1-DB178.db\DAG1-DB178.edb","C:\ExchangeDatabases\DAG1-DB178\DAG1-DB178.log","60.00:00:00","cdc-mh01.campus.ad.uvm.edu","\Default Offline Address Book","FALSE","True","TRUE","53760 MB","51200 MB","48640 MB","True","True","False","False","60.00:00:00","True","7.00:00:00","False","1GB","False","SecondDatacenter","60","40"
"DAG1-DB179","msx-mh05","C:\ExchangeDatabases\DAG1-DB179\DAG1-DB179.db\DAG1-DB179.edb","C:\ExchangeDatabases\DAG1-DB179\DAG1-DB179.log","60.00:00:00","cdc-mh01.campus.ad.uvm.edu","\Default Offline Address Book","FALSE","True","TRUE","53760 MB","51200 MB","48640 MB","True","True","False","False","60.00:00:00","True","7.00:00:00","False","1GB","False","SecondDatacenter","60","40"
"DAG1-DB180","msx-mh06","C:\ExchangeDatabases\DAG1-DB180\DAG1-DB180.db\DAG1-DB180.edb","C:\ExchangeDatabases\DAG1-DB180\DAG1-DB180.log","60.00:00:00","cdc-mh01.campus.ad.uvm.edu","\Default Offline Address Book","FALSE","True","TRUE","53760 MB","51200 MB","48640 MB","True","True","False","False","60.00:00:00","True","7.00:00:00","False","1GB","False","SecondDatacenter","60","40"
"DAG1-DB181","msx-tp01","C:\ExchangeDatabases\DAG1-DB181\DAG1-DB181.db\DAG1-DB181.edb","C:\ExchangeDatabases\DAG1-DB181\DAG1-DB181.log","60.00:00:00","cdc-tp01.campus.ad.uvm.edu","\Default Offline Address Book","FALSE","True","TRUE","53760 MB","51200 MB","48640 MB","True","True","False","False","60.00:00:00","True","7.00:00:00","False","1GB","False","SecondDatacenter","60","40"
"DAG1-DB182","msx-tp02","C:\ExchangeDatabases\DAG1-DB182\DAG1-DB182.db\DAG1-DB182.edb","C:\ExchangeDatabases\DAG1-DB182\DAG1-DB182.log","60.00:00:00","cdc-tp01.campus.ad.uvm.edu","\Default Offline Address Book","FALSE","True","TRUE","53760 MB","51200 MB","48640 MB","True","True","False","False","60.00:00:00","True","7.00:00:00","False","1GB","False","SecondDatacenter","60","40"
"DAG1-DB183","msx-tp03","C:\ExchangeDatabases\DAG1-DB183\DAG1-DB183.db\DAG1-DB183.edb","C:\ExchangeDatabases\DAG1-DB183\DAG1-DB183.log","60.00:00:00","cdc-tp01.campus.ad.uvm.edu","\Default Offline Address Book","FALSE","True","TRUE","53760 MB","51200 MB","48640 MB","True","True","False","False","60.00:00:00","True","7.00:00:00","False","1GB","False","SecondDatacenter","60","40"
"DAG1-DB184","msx-tp04","C:\ExchangeDatabases\DAG1-DB184\DAG1-DB184.db\DAG1-DB184.edb","C:\ExchangeDatabases\DAG1-DB184\DAG1-DB184.log","60.00:00:00","cdc-tp01.campus.ad.uvm.edu","\Default Offline Address Book","FALSE","True","TRUE","53760 MB","51200 MB","48640 MB","True","True","False","False","60.00:00:00","True","7.00:00:00","False","1GB","False","SecondDatacenter","60","40"
"DAG1-DB185","msx-tp05","C:\ExchangeDatabases\DAG1-DB185\DAG1-DB185.db\DAG1-DB185.edb","C:\ExchangeDatabases\DAG1-DB185\DAG1-DB185.log","60.00:00:00","cdc-tp01.campus.ad.uvm.edu","\Default Offline Address Book","FALSE","True","TRUE","53760 MB","51200 MB","48640 MB","True","True","False","False","60.00:00:00","True","7.00:00:00","False","1GB","False","SecondDatacenter","60","40"
"DAG1-DB186","msx-tp06","C:\ExchangeDatabases\DAG1-DB186\DAG1-DB186.db\DAG1-DB186.edb","C:\ExchangeDatabases\DAG1-DB186\DAG1-DB186.log","60.00:00:00","cdc-tp01.campus.ad.uvm.edu","\Default Offline Address Book","FALSE","True","TRUE","53760 MB","51200 MB","48640 MB","True","True","False","False","60.00:00:00","True","7.00:00:00","False","1GB","False","SecondDatacenter","60","40"
"DAG1-DB187","msx-mh01","C:\ExchangeDatabases\DAG1-DB187\DAG1-DB187.db\DAG1-DB187.edb","C:\ExchangeDatabases\DAG1-DB187\DAG1-DB187.log","60.00:00:00","cdc-mh01.campus.ad.uvm.edu","\Default Offline Address Book","FALSE","True","TRUE","53760 MB","51200 MB","48640 MB","True","True","False","False","60.00:00:00","True","7.00:00:00","False","1GB","False","SecondDatacenter","60","40"
"DAG1-DB188","msx-mh02","C:\ExchangeDatabases\DAG1-DB188\DAG1-DB188.db\DAG1-DB188.edb","C:\ExchangeDatabases\DAG1-DB188\DAG1-DB188.log","60.00:00:00","cdc-mh01.campus.ad.uvm.edu","\Default Offline Address Book","FALSE","True","TRUE","53760 MB","51200 MB","48640 MB","True","True","False","False","60.00:00:00","True","7.00:00:00","False","1GB","False","SecondDatacenter","60","40"
"DAG1-DB189","msx-mh03","C:\ExchangeDatabases\DAG1-DB189\DAG1-DB189.db\DAG1-DB189.edb","C:\ExchangeDatabases\DAG1-DB189\DAG1-DB189.log","60.00:00:00","cdc-mh01.campus.ad.uvm.edu","\Default Offline Address Book","FALSE","True","TRUE","53760 MB","51200 MB","48640 MB","True","True","False","False","60.00:00:00","True","7.00:00:00","False","1GB","False","SecondDatacenter","60","40"
"DAG1-DB190","msx-mh04","C:\ExchangeDatabases\DAG1-DB190\DAG1-DB190.db\DAG1-DB190.edb","C:\ExchangeDatabases\DAG1-DB190\DAG1-DB190.log","60.00:00:00","cdc-mh01.campus.ad.uvm.edu","\Default Offline Address Book","FALSE","True","TRUE","53760 MB","51200 MB","48640 MB","True","True","False","False","60.00:00:00","True","7.00:00:00","False","1GB","False","SecondDatacenter","60","40"
"DAG1-DB191","msx-mh05","C:\ExchangeDatabases\DAG1-DB191\DAG1-DB191.db\DAG1-DB191.edb","C:\ExchangeDatabases\DAG1-DB191\DAG1-DB191.log","60.00:00:00","cdc-mh01.campus.ad.uvm.edu","\Default Offline Address Book","FALSE","True","TRUE","53760 MB","51200 MB","48640 MB","True","True","False","False","60.00:00:00","True","7.00:00:00","False","1GB","False","SecondDatacenter","60","40"
"DAG1-DB192","msx-mh06","C:\ExchangeDatabases\DAG1-DB192\DAG1-DB192.db\DAG1-DB192.edb","C:\ExchangeDatabases\DAG1-DB192\DAG1-DB192.log","60.00:00:00","cdc-mh01.campus.ad.uvm.edu","\Default Offline Address Book","FALSE","True","TRUE","53760 MB","51200 MB","48640 MB","True","True","False","False","60.00:00:00","True","7.00:00:00","False","1GB","False","SecondDatacenter","60","40"
"DAG1-DB193","msx-tp01","C:\ExchangeDatabases\DAG1-DB193\DAG1-DB193.db\DAG1-DB193.edb","C:\ExchangeDatabases\DAG1-DB193\DAG1-DB193.log","60.00:00:00","cdc-tp01.campus.ad.uvm.edu","\Default Offline Address Book","FALSE","True","TRUE","53760 MB","51200 MB","48640 MB","True","True","False","False","60.00:00:00","True","7.00:00:00","False","1GB","False","SecondDatacenter","60","40"
"DAG1-DB194","msx-tp02","C:\ExchangeDatabases\DAG1-DB194\DAG1-DB194.db\DAG1-DB194.edb","C:\ExchangeDatabases\DAG1-DB194\DAG1-DB194.log","60.00:00:00","cdc-tp01.campus.ad.uvm.edu","\Default Offline Address Book","FALSE","True","TRUE","53760 MB","51200 MB","48640 MB","True","True","False","False","60.00:00:00","True","7.00:00:00","False","1GB","False","SecondDatacenter","60","40"
"DAG1-DB195","msx-tp03","C:\ExchangeDatabases\DAG1-DB195\DAG1-DB195.db\DAG1-DB195.edb","C:\ExchangeDatabases\DAG1-DB195\DAG1-DB195.log","60.00:00:00","cdc-tp01.campus.ad.uvm.edu","\Default Offline Address Book","FALSE","True","TRUE","53760 MB","51200 MB","48640 MB","True","True","False","False","60.00:00:00","True","7.00:00:00","False","1GB","False","SecondDatacenter","60","40"
"DAG1-DB196","msx-tp04","C:\ExchangeDatabases\DAG1-DB196\DAG1-DB196.db\DAG1-DB196.edb","C:\ExchangeDatabases\DAG1-DB196\DAG1-DB196.log","60.00:00:00","cdc-tp01.campus.ad.uvm.edu","\Default Offline Address Book","FALSE","True","TRUE","53760 MB","51200 MB","48640 MB","True","True","False","False","60.00:00:00","True","7.00:00:00","False","1GB","False","SecondDatacenter","60","40"
"DAG1-DB197","msx-tp05","C:\ExchangeDatabases\DAG1-DB197\DAG1-DB197.db\DAG1-DB197.edb","C:\ExchangeDatabases\DAG1-DB197\DAG1-DB197.log","60.00:00:00","cdc-tp01.campus.ad.uvm.edu","\Default Offline Address Book","FALSE","True","TRUE","53760 MB","51200 MB","48640 MB","True","True","False","False","60.00:00:00","True","7.00:00:00","False","1GB","False","SecondDatacenter","60","40"
"DAG1-DB198","msx-tp06","C:\ExchangeDatabases\DAG1-DB198\DAG1-DB198.db\DAG1-DB198.edb","C:\ExchangeDatabases\DAG1-DB198\DAG1-DB198.log","60.00:00:00","cdc-tp01.campus.ad.uvm.edu","\Default Offline Address Book","FALSE","True","TRUE","53760 MB","51200 MB","48640 MB","True","True","False","False","60.00:00:00","True","7.00:00:00","False","1GB","False","SecondDatacenter","60","40"
"DAG1-DB199","msx-mh01","C:\ExchangeDatabases\DAG1-DB199\DAG1-DB199.db\DAG1-DB199.edb","C:\ExchangeDatabases\DAG1-DB199\DAG1-DB199.log","60.00:00:00","cdc-mh01.campus.ad.uvm.edu","\Default Offline Address Book","FALSE","True","TRUE","53760 MB","51200 MB","48640 MB","True","True","False","False","60.00:00:00","True","7.00:00:00","False","1GB","False","SecondDatacenter","60","40"
"DAG1-DB200","msx-mh02","C:\ExchangeDatabases\DAG1-DB200\DAG1-DB200.db\DAG1-DB200.edb","C:\ExchangeDatabases\DAG1-DB200\DAG1-DB200.log","60.00:00:00","cdc-mh01.campus.ad.uvm.edu","\Default Offline Address Book","FALSE","True","TRUE","53760 MB","51200 MB","48640 MB","True","True","False","False","60.00:00:00","True","7.00:00:00","False","1GB","False","SecondDatacenter","60","40"
"DAG1-DB201","msx-mh03","C:\ExchangeDatabases\DAG1-DB201\DAG1-DB201.db\DAG1-DB201.edb","C:\ExchangeDatabases\DAG1-DB201\DAG1-DB201.log","60.00:00:00","cdc-mh01.campus.ad.uvm.edu","\Default Offline Address Book","FALSE","True","TRUE","53760 MB","51200 MB","48640 MB","True","True","False","False","60.00:00:00","True","7.00:00:00","False","1GB","False","SecondDatacenter","60","40"
"DAG1-DB202","msx-mh04","C:\ExchangeDatabases\DAG1-DB202\DAG1-DB202.db\DAG1-DB202.edb","C:\ExchangeDatabases\DAG1-DB202\DAG1-DB202.log","60.00:00:00","cdc-mh01.campus.ad.uvm.edu","\Default Offline Address Book","FALSE","True","TRUE","53760 MB","51200 MB","48640 MB","True","True","False","False","60.00:00:00","True","7.00:00:00","False","1GB","False","SecondDatacenter","60","40"
"DAG1-DB203","msx-mh05","C:\ExchangeDatabases\DAG1-DB203\DAG1-DB203.db\DAG1-DB203.edb","C:\ExchangeDatabases\DAG1-DB203\DAG1-DB203.log","60.00:00:00","cdc-mh01.campus.ad.uvm.edu","\Default Offline Address Book","FALSE","True","TRUE","53760 MB","51200 MB","48640 MB","True","True","False","False","60.00:00:00","True","7.00:00:00","False","1GB","False","SecondDatacenter","60","40"
"DAG1-DB204","msx-mh06","C:\ExchangeDatabases\DAG1-DB204\DAG1-DB204.db\DAG1-DB204.edb","C:\ExchangeDatabases\DAG1-DB204\DAG1-DB204.log","60.00:00:00","cdc-mh01.campus.ad.uvm.edu","\Default Offline Address Book","FALSE","True","TRUE","53760 MB","51200 MB","48640 MB","True","True","False","False","60.00:00:00","True","7.00:00:00","False","1GB","False","SecondDatacenter","60","40"
"DAG1-DB205","msx-tp01","C:\ExchangeDatabases\DAG1-DB205\DAG1-DB205.db\DAG1-DB205.edb","C:\ExchangeDatabases\DAG1-DB205\DAG1-DB205.log","60.00:00:00","cdc-tp01.campus.ad.uvm.edu","\Default Offline Address Book","FALSE","True","TRUE","53760 MB","51200 MB","48640 MB","True","True","False","False","60.00:00:00","True","7.00:00:00","False","1GB","False","SecondDatacenter","60","40"
"DAG1-DB206","msx-tp02","C:\ExchangeDatabases\DAG1-DB206\DAG1-DB206.db\DAG1-DB206.edb","C:\ExchangeDatabases\DAG1-DB206\DAG1-DB206.log","60.00:00:00","cdc-tp01.campus.ad.uvm.edu","\Default Offline Address Book","FALSE","True","TRUE","53760 MB","51200 MB","48640 MB","True","True","False","False","60.00:00:00","True","7.00:00:00","False","1GB","False","SecondDatacenter","60","40"
"DAG1-DB207","msx-tp03","C:\ExchangeDatabases\DAG1-DB207\DAG1-DB207.db\DAG1-DB207.edb","C:\ExchangeDatabases\DAG1-DB207\DAG1-DB207.log","60.00:00:00","cdc-tp01.campus.ad.uvm.edu","\Default Offline Address Book","FALSE","True","TRUE","53760 MB","51200 MB","48640 MB","True","True","False","False","60.00:00:00","True","7.00:00:00","False","1GB","False","SecondDatacenter","60","40"
"DAG1-DB208","msx-tp04","C:\ExchangeDatabases\DAG1-DB208\DAG1-DB208.db\DAG1-DB208.edb","C:\ExchangeDatabases\DAG1-DB208\DAG1-DB208.log","60.00:00:00","cdc-tp01.campus.ad.uvm.edu","\Default Offline Address Book","FALSE","True","TRUE","53760 MB","51200 MB","48640 MB","True","True","False","False","60.00:00:00","True","7.00:00:00","False","1GB","False","SecondDatacenter","60","40"
"DAG1-DB209","msx-tp05","C:\ExchangeDatabases\DAG1-DB209\DAG1-DB209.db\DAG1-DB209.edb","C:\ExchangeDatabases\DAG1-DB209\DAG1-DB209.log","60.00:00:00","cdc-tp01.campus.ad.uvm.edu","\Default Offline Address Book","FALSE","True","TRUE","53760 MB","51200 MB","48640 MB","True","True","False","False","60.00:00:00","True","7.00:00:00","False","1GB","False","SecondDatacenter","60","40"
"DAG1-DB210","msx-tp06","C:\ExchangeDatabases\DAG1-DB210\DAG1-DB210.db\DAG1-DB210.edb","C:\ExchangeDatabases\DAG1-DB210\DAG1-DB210.log","60.00:00:00","cdc-tp01.campus.ad.uvm.edu","\Default Offline Address Book","FALSE","True","TRUE","53760 MB","51200 MB","48640 MB","True","True","False","False","60.00:00:00","True","7.00:00:00","False","1GB","False","SecondDatacenter","60","40"
"DAG1-DB211","msx-mh01","C:\ExchangeDatabases\DAG1-DB211\DAG1-DB211.db\DAG1-DB211.edb","C:\ExchangeDatabases\DAG1-DB211\DAG1-DB211.log","60.00:00:00","cdc-mh01.campus.ad.uvm.edu","\Default Offline Address Book","FALSE","True","TRUE","53760 MB","51200 MB","48640 MB","True","True","False","False","60.00:00:00","True","7.00:00:00","False","1GB","False","SecondDatacenter","60","40"
"DAG1-DB212","msx-mh02","C:\ExchangeDatabases\DAG1-DB212\DAG1-DB212.db\DAG1-DB212.edb","C:\ExchangeDatabases\DAG1-DB212\DAG1-DB212.log","60.00:00:00","cdc-mh01.campus.ad.uvm.edu","\Default Offline Address Book","FALSE","True","TRUE","53760 MB","51200 MB","48640 MB","True","True","False","False","60.00:00:00","True","7.00:00:00","False","1GB","False","SecondDatacenter","60","40"
"DAG1-DB213","msx-mh03","C:\ExchangeDatabases\DAG1-DB213\DAG1-DB213.db\DAG1-DB213.edb","C:\ExchangeDatabases\DAG1-DB213\DAG1-DB213.log","60.00:00:00","cdc-mh01.campus.ad.uvm.edu","\Default Offline Address Book","FALSE","True","TRUE","53760 MB","51200 MB","48640 MB","True","True","False","False","60.00:00:00","True","7.00:00:00","False","1GB","False","SecondDatacenter","60","40"
"DAG1-DB214","msx-mh04","C:\ExchangeDatabases\DAG1-DB214\DAG1-DB214.db\DAG1-DB214.edb","C:\ExchangeDatabases\DAG1-DB214\DAG1-DB214.log","60.00:00:00","cdc-mh01.campus.ad.uvm.edu","\Default Offline Address Book","FALSE","True","TRUE","53760 MB","51200 MB","48640 MB","True","True","False","False","60.00:00:00","True","7.00:00:00","False","1GB","False","SecondDatacenter","60","40"
"DAG1-DB215","msx-mh05","C:\ExchangeDatabases\DAG1-DB215\DAG1-DB215.db\DAG1-DB215.edb","C:\ExchangeDatabases\DAG1-DB215\DAG1-DB215.log","60.00:00:00","cdc-mh01.campus.ad.uvm.edu","\Default Offline Address Book","FALSE","True","TRUE","53760 MB","51200 MB","48640 MB","True","True","False","False","60.00:00:00","True","7.00:00:00","False","1GB","False","SecondDatacenter","60","40"
"DAG1-DB216","msx-mh06","C:\ExchangeDatabases\DAG1-DB216\DAG1-DB216.db\DAG1-DB216.edb","C:\ExchangeDatabases\DAG1-DB216\DAG1-DB216.log","60.00:00:00","cdc-mh01.campus.ad.uvm.edu","\Default Offline Address Book","FALSE","True","TRUE","53760 MB","51200 MB","48640 MB","True","True","False","False","60.00:00:00","True","7.00:00:00","False","1GB","False","SecondDatacenter","60","40"
